id,application_nm,process_nm,audit_nm,object_nm,audit_measure_nm,audit_measure_type_cd,parent_id
1,SEC_SILVER,SOURCE,SOURCE,SOURCE,RECORDS_RECEIVED,COUNT,
2,SEC_SILVER,SOURCE,SOURCE,SOURCE,MARKED_FOR_INSERT,CDC,1
3,SEC_SILVER,SOURCE,SOURCE,SOURCE,MARKED_FOR_UPDATE,CDC,1
4,SEC_SILVER,SOURCE,SOURCE,SOURCE,MARKED_FOR_DELETE,CDC,
5,SEC_SILVER,SOURCE,SOURCE,SOURCE,MARKED_FOR_SKIP,CDC,1
6,SEC_SILVER,SOURCE,SOURCE,SOURCE,RECORDS_INSERTED,DML,2
7,SEC_SILVER,SOURCE,SOURCE,SOURCE,RECORDS_UPDATED,DML,3
8,SEC_SILVER,SOURCE,SOURCE,SOURCE,RECORDS_DELETED,DML,4
9,SEC_SILVER,SOURCE,SOURCE_KEY,SOURCE_KEY,RECORDS_INSERTED,DML,2
10,SEC_SILVER,TEST_PERSON,TEST_PERSON,TEST_PERSON,RECORDS_RECEIVED,COUNT,
11,SEC_SILVER,TEST_PERSON,TEST_PERSON,TEST_PERSON,MARKED_FOR_INSERT,CDC,10
12,SEC_SILVER,TEST_PERSON,TEST_PERSON,TEST_PERSON,MARKED_FOR_UPDATE,CDC,10
13,SEC_SILVER,TEST_PERSON,TEST_PERSON,TEST_PERSON,MARKED_FOR_DELETE,CDC,
14,SEC_SILVER,TEST_PERSON,TEST_PERSON,TEST_PERSON,MARKED_FOR_SKIP,CDC,10
15,SEC_SILVER,TEST_PERSON,TEST_PERSON,TEST_PERSON,RECORDS_INSERTED,DML,11
16,SEC_SILVER,TEST_PERSON,TEST_PERSON,TEST_PERSON,RECORDS_UPDATED,DML,12
17,SEC_SILVER,TEST_PERSON,TEST_PERSON,TEST_PERSON,RECORDS_DELETED,DML,13
18,SEC_SILVER,TEST_PERSON,TEST_PERSON_KEY,TEST_PERSON_KEY,RECORDS_INSERTED,DML,11
19,SEC_SILVER,SOURCE_SYSTEM,SOURCE_SYSTEM,SOURCE_SYSTEM,RECORDS_RECEIVED,COUNT,
20,SEC_SILVER,SOURCE_SYSTEM,SOURCE_SYSTEM,SOURCE_SYSTEM,MARKED_FOR_INSERT,CDC,19
21,SEC_SILVER,SOURCE_SYSTEM,SOURCE_SYSTEM,SOURCE_SYSTEM,MARKED_FOR_UPDATE,CDC,19
22,SEC_SILVER,SOURCE_SYSTEM,SOURCE_SYSTEM,SOURCE_SYSTEM,MARKED_FOR_DELETE,CDC,
23,SEC_SILVER,SOURCE_SYSTEM,SOURCE_SYSTEM,SOURCE_SYSTEM,MARKED_FOR_SKIP,CDC,19
24,SEC_SILVER,SOURCE_SYSTEM,SOURCE_SYSTEM,SOURCE_SYSTEM,RECORDS_INSERTED,DML,20
25,SEC_SILVER,SOURCE_SYSTEM,SOURCE_SYSTEM,SOURCE_SYSTEM,RECORDS_UPDATED,DML,21
26,SEC_SILVER,SOURCE_SYSTEM,SOURCE_SYSTEM,SOURCE_SYSTEM,RECORDS_DELETED,DML,22
27,SEC_SILVER,SOURCE_SYSTEM,SOURCE_SYSTEM_KEY,SOURCE_SYSTEM_KEY,RECORDS_INSERTED,DML,20
28,SEC_SILVER,CURRENCY,CURRENCY,CURRENCY,RECORDS_RECEIVED,COUNT,
29,SEC_SILVER,CURRENCY,CURRENCY,CURRENCY,MARKED_FOR_INSERT,CDC,28
30,SEC_SILVER,CURRENCY,CURRENCY,CURRENCY,MARKED_FOR_UPDATE,CDC,28
31,SEC_SILVER,CURRENCY,CURRENCY,CURRENCY,MARKED_FOR_DELETE,CDC,
32,SEC_SILVER,CURRENCY,CURRENCY,CURRENCY,MARKED_FOR_SKIP,CDC,28
33,SEC_SILVER,CURRENCY,CURRENCY,CURRENCY,RECORDS_INSERTED,DML,29
34,SEC_SILVER,CURRENCY,CURRENCY,CURRENCY,RECORDS_UPDATED,DML,30
35,SEC_SILVER,CURRENCY,CURRENCY,CURRENCY,RECORDS_DELETED,DML,31
36,SEC_SILVER,CURRENCY,CURRENCY_KEY,CURRENCY_KEY,RECORDS_INSERTED,DML,29
37,SEC_SILVER,PERFORMANCE_METRIC_CALC_PURPOSE,PERFORMANCE_METRIC_CALC_PURPOSE,PERFORMANCE_METRIC_CALC_PURPOSE,RECORDS_RECEIVED,COUNT,
38,SEC_SILVER,PERFORMANCE_METRIC_CALC_PURPOSE,PERFORMANCE_METRIC_CALC_PURPOSE,PERFORMANCE_METRIC_CALC_PURPOSE,MARKED_FOR_INSERT,CDC,37
39,SEC_SILVER,PERFORMANCE_METRIC_CALC_PURPOSE,PERFORMANCE_METRIC_CALC_PURPOSE,PERFORMANCE_METRIC_CALC_PURPOSE,MARKED_FOR_UPDATE,CDC,37
40,SEC_SILVER,PERFORMANCE_METRIC_CALC_PURPOSE,PERFORMANCE_METRIC_CALC_PURPOSE,PERFORMANCE_METRIC_CALC_PURPOSE,MARKED_FOR_DELETE,CDC,
41,SEC_SILVER,PERFORMANCE_METRIC_CALC_PURPOSE,PERFORMANCE_METRIC_CALC_PURPOSE,PERFORMANCE_METRIC_CALC_PURPOSE,MARKED_FOR_SKIP,CDC,37
42,SEC_SILVER,PERFORMANCE_METRIC_CALC_PURPOSE,PERFORMANCE_METRIC_CALC_PURPOSE,PERFORMANCE_METRIC_CALC_PURPOSE,RECORDS_INSERTED,DML,38
43,SEC_SILVER,PERFORMANCE_METRIC_CALC_PURPOSE,PERFORMANCE_METRIC_CALC_PURPOSE,PERFORMANCE_METRIC_CALC_PURPOSE,RECORDS_UPDATED,DML,39
44,SEC_SILVER,PERFORMANCE_METRIC_CALC_PURPOSE,PERFORMANCE_METRIC_CALC_PURPOSE,PERFORMANCE_METRIC_CALC_PURPOSE,RECORDS_DELETED,DML,40
45,SEC_SILVER,PERFORMANCE_METRIC_CALC_PURPOSE,PERFORMANCE_METRIC_CALC_PURPOSE_KEY,PERFORMANCE_METRIC_CALC_PURPOSE_KEY,RECORDS_INSERTED,DML,38
46,SEC_SILVER,PERFORMANCE_METRIC_TIME_HORIZON,PERFORMANCE_METRIC_TIME_HORIZON,PERFORMANCE_METRIC_TIME_HORIZON,RECORDS_RECEIVED,COUNT,
47,SEC_SILVER,PERFORMANCE_METRIC_TIME_HORIZON,PERFORMANCE_METRIC_TIME_HORIZON,PERFORMANCE_METRIC_TIME_HORIZON,MARKED_FOR_INSERT,CDC,46
48,SEC_SILVER,PERFORMANCE_METRIC_TIME_HORIZON,PERFORMANCE_METRIC_TIME_HORIZON,PERFORMANCE_METRIC_TIME_HORIZON,MARKED_FOR_UPDATE,CDC,46
49,SEC_SILVER,PERFORMANCE_METRIC_TIME_HORIZON,PERFORMANCE_METRIC_TIME_HORIZON,PERFORMANCE_METRIC_TIME_HORIZON,MARKED_FOR_DELETE,CDC,
50,SEC_SILVER,PERFORMANCE_METRIC_TIME_HORIZON,PERFORMANCE_METRIC_TIME_HORIZON,PERFORMANCE_METRIC_TIME_HORIZON,MARKED_FOR_SKIP,CDC,46
51,SEC_SILVER,PERFORMANCE_METRIC_TIME_HORIZON,PERFORMANCE_METRIC_TIME_HORIZON,PERFORMANCE_METRIC_TIME_HORIZON,RECORDS_INSERTED,DML,47
52,SEC_SILVER,PERFORMANCE_METRIC_TIME_HORIZON,PERFORMANCE_METRIC_TIME_HORIZON,PERFORMANCE_METRIC_TIME_HORIZON,RECORDS_UPDATED,DML,48
53,SEC_SILVER,PERFORMANCE_METRIC_TIME_HORIZON,PERFORMANCE_METRIC_TIME_HORIZON,PERFORMANCE_METRIC_TIME_HORIZON,RECORDS_DELETED,DML,49
54,SEC_SILVER,PERFORMANCE_METRIC_TIME_HORIZON,PERFORMANCE_METRIC_TIME_HORIZON_KEY,PERFORMANCE_METRIC_TIME_HORIZON_KEY,RECORDS_INSERTED,DML,47
55,SEC_SILVER,PERFORMANCE_METRIC_TYPE,PERFORMANCE_METRIC_TYPE,PERFORMANCE_METRIC_TYPE,RECORDS_RECEIVED,COUNT,
56,SEC_SILVER,PERFORMANCE_METRIC_TYPE,PERFORMANCE_METRIC_TYPE,PERFORMANCE_METRIC_TYPE,MARKED_FOR_INSERT,CDC,55
57,SEC_SILVER,PERFORMANCE_METRIC_TYPE,PERFORMANCE_METRIC_TYPE,PERFORMANCE_METRIC_TYPE,MARKED_FOR_UPDATE,CDC,55
58,SEC_SILVER,PERFORMANCE_METRIC_TYPE,PERFORMANCE_METRIC_TYPE,PERFORMANCE_METRIC_TYPE,MARKED_FOR_DELETE,CDC,
59,SEC_SILVER,PERFORMANCE_METRIC_TYPE,PERFORMANCE_METRIC_TYPE,PERFORMANCE_METRIC_TYPE,MARKED_FOR_SKIP,CDC,55
60,SEC_SILVER,PERFORMANCE_METRIC_TYPE,PERFORMANCE_METRIC_TYPE,PERFORMANCE_METRIC_TYPE,RECORDS_INSERTED,DML,56
61,SEC_SILVER,PERFORMANCE_METRIC_TYPE,PERFORMANCE_METRIC_TYPE,PERFORMANCE_METRIC_TYPE,RECORDS_UPDATED,DML,57
62,SEC_SILVER,PERFORMANCE_METRIC_TYPE,PERFORMANCE_METRIC_TYPE,PERFORMANCE_METRIC_TYPE,RECORDS_DELETED,DML,58
63,SEC_SILVER,PERFORMANCE_METRIC_TYPE,PERFORMANCE_METRIC_TYPE_KEY,PERFORMANCE_METRIC_TYPE_KEY,RECORDS_INSERTED,DML,56
64,SEC_SILVER,PERFORMANCE_METRIC_VARIANT,PERFORMANCE_METRIC_VARIANT,PERFORMANCE_METRIC_VARIANT,RECORDS_RECEIVED,COUNT,
65,SEC_SILVER,PERFORMANCE_METRIC_VARIANT,PERFORMANCE_METRIC_VARIANT,PERFORMANCE_METRIC_VARIANT,MARKED_FOR_INSERT,CDC,64
66,SEC_SILVER,PERFORMANCE_METRIC_VARIANT,PERFORMANCE_METRIC_VARIANT,PERFORMANCE_METRIC_VARIANT,MARKED_FOR_UPDATE,CDC,64
67,SEC_SILVER,PERFORMANCE_METRIC_VARIANT,PERFORMANCE_METRIC_VARIANT,PERFORMANCE_METRIC_VARIANT,MARKED_FOR_DELETE,CDC,
68,SEC_SILVER,PERFORMANCE_METRIC_VARIANT,PERFORMANCE_METRIC_VARIANT,PERFORMANCE_METRIC_VARIANT,MARKED_FOR_SKIP,CDC,64
69,SEC_SILVER,PERFORMANCE_METRIC_VARIANT,PERFORMANCE_METRIC_VARIANT,PERFORMANCE_METRIC_VARIANT,RECORDS_INSERTED,DML,65
70,SEC_SILVER,PERFORMANCE_METRIC_VARIANT,PERFORMANCE_METRIC_VARIANT,PERFORMANCE_METRIC_VARIANT,RECORDS_UPDATED,DML,66
71,SEC_SILVER,PERFORMANCE_METRIC_VARIANT,PERFORMANCE_METRIC_VARIANT,PERFORMANCE_METRIC_VARIANT,RECORDS_DELETED,DML,67
72,SEC_SILVER,PERFORMANCE_METRIC_VARIANT,PERFORMANCE_METRIC_VARIANT_KEY,PERFORMANCE_METRIC_VARIANT_KEY,RECORDS_INSERTED,DML,65
73,SEC_SILVER,PERFORMANCE_METRIC_COMPONENT_STATE,PERFORMANCE_METRIC_COMPONENT_STATE,PERFORMANCE_METRIC_COMPONENT_STATE,RECORDS_RECEIVED,COUNT,
74,SEC_SILVER,PERFORMANCE_METRIC_COMPONENT_STATE,PERFORMANCE_METRIC_COMPONENT_STATE,PERFORMANCE_METRIC_COMPONENT_STATE,MARKED_FOR_INSERT,CDC,73
75,SEC_SILVER,PERFORMANCE_METRIC_COMPONENT_STATE,PERFORMANCE_METRIC_COMPONENT_STATE,PERFORMANCE_METRIC_COMPONENT_STATE,MARKED_FOR_UPDATE,CDC,73
76,SEC_SILVER,PERFORMANCE_METRIC_COMPONENT_STATE,PERFORMANCE_METRIC_COMPONENT_STATE,PERFORMANCE_METRIC_COMPONENT_STATE,MARKED_FOR_DELETE,CDC,
77,SEC_SILVER,PERFORMANCE_METRIC_COMPONENT_STATE,PERFORMANCE_METRIC_COMPONENT_STATE,PERFORMANCE_METRIC_COMPONENT_STATE,MARKED_FOR_SKIP,CDC,73
78,SEC_SILVER,PERFORMANCE_METRIC_COMPONENT_STATE,PERFORMANCE_METRIC_COMPONENT_STATE,PERFORMANCE_METRIC_COMPONENT_STATE,RECORDS_INSERTED,DML,74
79,SEC_SILVER,PERFORMANCE_METRIC_COMPONENT_STATE,PERFORMANCE_METRIC_COMPONENT_STATE,PERFORMANCE_METRIC_COMPONENT_STATE,RECORDS_UPDATED,DML,75
80,SEC_SILVER,PERFORMANCE_METRIC_COMPONENT_STATE,PERFORMANCE_METRIC_COMPONENT_STATE,PERFORMANCE_METRIC_COMPONENT_STATE,RECORDS_DELETED,DML,76
81,SEC_SILVER,PERFORMANCE_METRIC_COMPONENT_STATE,PERFORMANCE_METRIC_COMPONENT_STATE_KEY,PERFORMANCE_METRIC_COMPONENT_STATE_KEY,RECORDS_INSERTED,DML,74
82,SEC_SILVER,PORTFOLIO,PORTFOLIO,PORTFOLIO,RECORDS_RECEIVED,COUNT,
83,SEC_SILVER,PORTFOLIO,PORTFOLIO,PORTFOLIO,MARKED_FOR_INSERT,CDC,82
84,SEC_SILVER,PORTFOLIO,PORTFOLIO,PORTFOLIO,MARKED_FOR_UPDATE,CDC,82
85,SEC_SILVER,PORTFOLIO,PORTFOLIO,PORTFOLIO,MARKED_FOR_DELETE,CDC,
86,SEC_SILVER,PORTFOLIO,PORTFOLIO,PORTFOLIO,MARKED_FOR_SKIP,CDC,82
87,SEC_SILVER,PORTFOLIO,PORTFOLIO,PORTFOLIO,RECORDS_INSERTED,DML,83
88,SEC_SILVER,PORTFOLIO,PORTFOLIO,PORTFOLIO,RECORDS_UPDATED,DML,84
89,SEC_SILVER,PORTFOLIO,PORTFOLIO,PORTFOLIO,RECORDS_DELETED,DML,85
90,SEC_SILVER,PORTFOLIO,PORTFOLIO_KEY,PORTFOLIO_KEY,RECORDS_INSERTED,DML,83
91,SEC_SILVER,TRANSACTION_CATEGORY_PURPOSE,TRANSACTION_CATEGORY_PURPOSE,TRANSACTION_CATEGORY_PURPOSE,RECORDS_RECEIVED,COUNT,
92,SEC_SILVER,TRANSACTION_CATEGORY_PURPOSE,TRANSACTION_CATEGORY_PURPOSE,TRANSACTION_CATEGORY_PURPOSE,MARKED_FOR_INSERT,CDC,91
93,SEC_SILVER,TRANSACTION_CATEGORY_PURPOSE,TRANSACTION_CATEGORY_PURPOSE,TRANSACTION_CATEGORY_PURPOSE,MARKED_FOR_UPDATE,CDC,91
94,SEC_SILVER,TRANSACTION_CATEGORY_PURPOSE,TRANSACTION_CATEGORY_PURPOSE,TRANSACTION_CATEGORY_PURPOSE,MARKED_FOR_DELETE,CDC,
95,SEC_SILVER,TRANSACTION_CATEGORY_PURPOSE,TRANSACTION_CATEGORY_PURPOSE,TRANSACTION_CATEGORY_PURPOSE,MARKED_FOR_SKIP,CDC,91
96,SEC_SILVER,TRANSACTION_CATEGORY_PURPOSE,TRANSACTION_CATEGORY_PURPOSE,TRANSACTION_CATEGORY_PURPOSE,RECORDS_INSERTED,DML,92
97,SEC_SILVER,TRANSACTION_CATEGORY_PURPOSE,TRANSACTION_CATEGORY_PURPOSE,TRANSACTION_CATEGORY_PURPOSE,RECORDS_UPDATED,DML,93
98,SEC_SILVER,TRANSACTION_CATEGORY_PURPOSE,TRANSACTION_CATEGORY_PURPOSE,TRANSACTION_CATEGORY_PURPOSE,RECORDS_DELETED,DML,94
99,SEC_SILVER,TRANSACTION_CATEGORY_PURPOSE,TRANSACTION_CATEGORY_PURPOSE_KEY,TRANSACTION_CATEGORY_PURPOSE_KEY,RECORDS_INSERTED,DML,92
100,SEC_SILVER,TRANSACTION_CATEGORY,TRANSACTION_CATEGORY,TRANSACTION_CATEGORY,RECORDS_RECEIVED,COUNT,
101,SEC_SILVER,TRANSACTION_CATEGORY,TRANSACTION_CATEGORY,TRANSACTION_CATEGORY,MARKED_FOR_INSERT,CDC,100
102,SEC_SILVER,TRANSACTION_CATEGORY,TRANSACTION_CATEGORY,TRANSACTION_CATEGORY,MARKED_FOR_UPDATE,CDC,100
103,SEC_SILVER,TRANSACTION_CATEGORY,TRANSACTION_CATEGORY,TRANSACTION_CATEGORY,MARKED_FOR_DELETE,CDC,
104,SEC_SILVER,TRANSACTION_CATEGORY,TRANSACTION_CATEGORY,TRANSACTION_CATEGORY,MARKED_FOR_SKIP,CDC,100
105,SEC_SILVER,TRANSACTION_CATEGORY,TRANSACTION_CATEGORY,TRANSACTION_CATEGORY,RECORDS_INSERTED,DML,101
106,SEC_SILVER,TRANSACTION_CATEGORY,TRANSACTION_CATEGORY,TRANSACTION_CATEGORY,RECORDS_UPDATED,DML,102
107,SEC_SILVER,TRANSACTION_CATEGORY,TRANSACTION_CATEGORY,TRANSACTION_CATEGORY,RECORDS_DELETED,DML,103
108,SEC_SILVER,TRANSACTION_CATEGORY,TRANSACTION_CATEGORY_KEY,TRANSACTION_CATEGORY_KEY,RECORDS_INSERTED,DML,101
109,SEC_SILVER,TRANSACTION_TYPE,TRANSACTION_TYPE,TRANSACTION_TYPE,RECORDS_RECEIVED,COUNT,
110,SEC_SILVER,TRANSACTION_TYPE,TRANSACTION_TYPE,TRANSACTION_TYPE,MARKED_FOR_INSERT,CDC,109
111,SEC_SILVER,TRANSACTION_TYPE,TRANSACTION_TYPE,TRANSACTION_TYPE,MARKED_FOR_UPDATE,CDC,109
112,SEC_SILVER,TRANSACTION_TYPE,TRANSACTION_TYPE,TRANSACTION_TYPE,MARKED_FOR_DELETE,CDC,
113,SEC_SILVER,TRANSACTION_TYPE,TRANSACTION_TYPE,TRANSACTION_TYPE,MARKED_FOR_SKIP,CDC,109
114,SEC_SILVER,TRANSACTION_TYPE,TRANSACTION_TYPE,TRANSACTION_TYPE,RECORDS_INSERTED,DML,110
115,SEC_SILVER,TRANSACTION_TYPE,TRANSACTION_TYPE,TRANSACTION_TYPE,RECORDS_UPDATED,DML,111
116,SEC_SILVER,TRANSACTION_TYPE,TRANSACTION_TYPE,TRANSACTION_TYPE,RECORDS_DELETED,DML,112
117,SEC_SILVER,TRANSACTION_TYPE,TRANSACTION_TYPE_KEY,TRANSACTION_TYPE_KEY,RECORDS_INSERTED,DML,110
118,SEC_SILVER,FUND_COMPOSITE_PURPOSE,FUND_COMPOSITE_PURPOSE,FUND_COMPOSITE_PURPOSE,RECORDS_RECEIVED,COUNT,
119,SEC_SILVER,FUND_COMPOSITE_PURPOSE,FUND_COMPOSITE_PURPOSE,FUND_COMPOSITE_PURPOSE,MARKED_FOR_INSERT,CDC,118
120,SEC_SILVER,FUND_COMPOSITE_PURPOSE,FUND_COMPOSITE_PURPOSE,FUND_COMPOSITE_PURPOSE,MARKED_FOR_UPDATE,CDC,118
121,SEC_SILVER,FUND_COMPOSITE_PURPOSE,FUND_COMPOSITE_PURPOSE,FUND_COMPOSITE_PURPOSE,MARKED_FOR_DELETE,CDC,
122,SEC_SILVER,FUND_COMPOSITE_PURPOSE,FUND_COMPOSITE_PURPOSE,FUND_COMPOSITE_PURPOSE,MARKED_FOR_SKIP,CDC,118
123,SEC_SILVER,FUND_COMPOSITE_PURPOSE,FUND_COMPOSITE_PURPOSE,FUND_COMPOSITE_PURPOSE,RECORDS_INSERTED,DML,119
124,SEC_SILVER,FUND_COMPOSITE_PURPOSE,FUND_COMPOSITE_PURPOSE,FUND_COMPOSITE_PURPOSE,RECORDS_UPDATED,DML,120
125,SEC_SILVER,FUND_COMPOSITE_PURPOSE,FUND_COMPOSITE_PURPOSE,FUND_COMPOSITE_PURPOSE,RECORDS_DELETED,DML,121
126,SEC_SILVER,FUND_COMPOSITE_PURPOSE,FUND_COMPOSITE_PURPOSE_KEY,FUND_COMPOSITE_PURPOSE_KEY,RECORDS_INSERTED,DML,119
127,SEC_SILVER,FUND,FUND,FUND,RECORDS_RECEIVED,COUNT,
128,SEC_SILVER,FUND,FUND,FUND,MARKED_FOR_INSERT,CDC,127
129,SEC_SILVER,FUND,FUND,FUND,MARKED_FOR_UPDATE,CDC,127
130,SEC_SILVER,FUND,FUND,FUND,MARKED_FOR_DELETE,CDC,
131,SEC_SILVER,FUND,FUND,FUND,MARKED_FOR_SKIP,CDC,127
132,SEC_SILVER,FUND,FUND,FUND,RECORDS_INSERTED,DML,128
133,SEC_SILVER,FUND,FUND,FUND,RECORDS_UPDATED,DML,129
134,SEC_SILVER,FUND,FUND,FUND,RECORDS_DELETED,DML,130
135,SEC_SILVER,FUND,FUND_KEY,FUND_KEY,RECORDS_INSERTED,DML,128
136,SEC_SILVER,INVESTOR,INVESTOR,INVESTOR,RECORDS_RECEIVED,COUNT,
137,SEC_SILVER,INVESTOR,INVESTOR,INVESTOR,MARKED_FOR_INSERT,CDC,136
138,SEC_SILVER,INVESTOR,INVESTOR,INVESTOR,MARKED_FOR_UPDATE,CDC,136
139,SEC_SILVER,INVESTOR,INVESTOR,INVESTOR,MARKED_FOR_DELETE,CDC,
140,SEC_SILVER,INVESTOR,INVESTOR,INVESTOR,MARKED_FOR_SKIP,CDC,136
141,SEC_SILVER,INVESTOR,INVESTOR,INVESTOR,RECORDS_INSERTED,DML,137
142,SEC_SILVER,INVESTOR,INVESTOR,INVESTOR,RECORDS_UPDATED,DML,138
143,SEC_SILVER,INVESTOR,INVESTOR,INVESTOR,RECORDS_DELETED,DML,139
144,SEC_SILVER,INVESTOR_KEY,INVESTOR_KEY,INVESTOR_KEY,RECORDS_INSERTED,DML,137
145,SEC_SILVER,INVESTOR_FUND_TRANSACTION,INVESTOR_FUND_TRANSACTION,INVESTOR_FUND_TRANSACTION,RECORDS_RECEIVED,COUNT,
146,SEC_SILVER,INVESTOR_FUND_TRANSACTION,INVESTOR_FUND_TRANSACTION,INVESTOR_FUND_TRANSACTION,MARKED_FOR_INSERT,CDC,145
147,SEC_SILVER,INVESTOR_FUND_TRANSACTION,INVESTOR_FUND_TRANSACTION,INVESTOR_FUND_TRANSACTION,MARKED_FOR_UPDATE,CDC,145
148,SEC_SILVER,INVESTOR_FUND_TRANSACTION,INVESTOR_FUND_TRANSACTION,INVESTOR_FUND_TRANSACTION,MARKED_FOR_DELETE,CDC,
149,SEC_SILVER,INVESTOR_FUND_TRANSACTION,INVESTOR_FUND_TRANSACTION,INVESTOR_FUND_TRANSACTION,MARKED_FOR_SKIP,CDC,145
150,SEC_SILVER,INVESTOR_FUND_TRANSACTION,INVESTOR_FUND_TRANSACTION,INVESTOR_FUND_TRANSACTION,RECORDS_INSERTED,DML,146
151,SEC_SILVER,INVESTOR_FUND_TRANSACTION,INVESTOR_FUND_TRANSACTION,INVESTOR_FUND_TRANSACTION,RECORDS_UPDATED,DML,147
152,SEC_SILVER,INVESTOR_FUND_TRANSACTION,INVESTOR_FUND_TRANSACTION,INVESTOR_FUND_TRANSACTION,RECORDS_DELETED,DML,148
153,SEC_SILVER,INVESTOR_FUND_TRANSACTION_KEY,INVESTOR_FUND_TRANSACTION_KEY,INVESTOR_FUND_TRANSACTION_KEY,RECORDS_INSERTED,DML,146
154,SEC_SILVER,FUND_COMPOSITE,FUND_COMPOSITE,FUND_COMPOSITE,RECORDS_RECEIVED,COUNT,
155,SEC_SILVER,FUND_COMPOSITE,FUND_COMPOSITE,FUND_COMPOSITE,MARKED_FOR_INSERT,CDC,154
156,SEC_SILVER,FUND_COMPOSITE,FUND_COMPOSITE,FUND_COMPOSITE,MARKED_FOR_UPDATE,CDC,154
157,SEC_SILVER,FUND_COMPOSITE,FUND_COMPOSITE,FUND_COMPOSITE,MARKED_FOR_DELETE,CDC,
158,SEC_SILVER,FUND_COMPOSITE,FUND_COMPOSITE,FUND_COMPOSITE,MARKED_FOR_SKIP,CDC,154
159,SEC_SILVER,FUND_COMPOSITE,FUND_COMPOSITE,FUND_COMPOSITE,RECORDS_INSERTED,DML,155
160,SEC_SILVER,FUND_COMPOSITE,FUND_COMPOSITE,FUND_COMPOSITE,RECORDS_UPDATED,DML,156
161,SEC_SILVER,FUND_COMPOSITE,FUND_COMPOSITE,FUND_COMPOSITE,RECORDS_DELETED,DML,157
162,SEC_SILVER,FUND_COMPOSITE,FUND_COMPOSITE_KEY,FUND_COMPOSITE_KEY,RECORDS_INSERTED,DML,155
163,SEC_SILVER,FUND_NAV_SUMMARY,FUND_NAV_SUMMARY,FUND_NAV_SUMMARY,RECORDS_RECEIVED,COUNT,
164,SEC_SILVER,FUND_NAV_SUMMARY,FUND_NAV_SUMMARY,FUND_NAV_SUMMARY,MARKED_FOR_INSERT,CDC,163
165,SEC_SILVER,FUND_NAV_SUMMARY,FUND_NAV_SUMMARY,FUND_NAV_SUMMARY,MARKED_FOR_UPDATE,CDC,163
166,SEC_SILVER,FUND_NAV_SUMMARY,FUND_NAV_SUMMARY,FUND_NAV_SUMMARY,MARKED_FOR_DELETE,CDC,
167,SEC_SILVER,FUND_NAV_SUMMARY,FUND_NAV_SUMMARY,FUND_NAV_SUMMARY,MARKED_FOR_SKIP,CDC,163
168,SEC_SILVER,FUND_NAV_SUMMARY,FUND_NAV_SUMMARY,FUND_NAV_SUMMARY,RECORDS_INSERTED,DML,164
169,SEC_SILVER,FUND_NAV_SUMMARY,FUND_NAV_SUMMARY,FUND_NAV_SUMMARY,RECORDS_UPDATED,DML,165
170,SEC_SILVER,FUND_NAV_SUMMARY,FUND_NAV_SUMMARY,FUND_NAV_SUMMARY,RECORDS_DELETED,DML,166
171,SEC_SILVER,FUND_NAV_SUMMARY,FUND_NAV_SUMMARY_KEY,FUND_NAV_SUMMARY_KEY,RECORDS_INSERTED,DML,164
172,SEC_SILVER,FUND_COMPOSITE_FUND_XREF,FUND_COMPOSITE_FUND_XREF,FUND_COMPOSITE_FUND_XREF,RECORDS_RECEIVED,COUNT,
173,SEC_SILVER,FUND_COMPOSITE_FUND_XREF,FUND_COMPOSITE_FUND_XREF,FUND_COMPOSITE_FUND_XREF,MARKED_FOR_INSERT,CDC,172
174,SEC_SILVER,FUND_COMPOSITE_FUND_XREF,FUND_COMPOSITE_FUND_XREF,FUND_COMPOSITE_FUND_XREF,MARKED_FOR_UPDATE,CDC,172
175,SEC_SILVER,FUND_COMPOSITE_FUND_XREF,FUND_COMPOSITE_FUND_XREF,FUND_COMPOSITE_FUND_XREF,MARKED_FOR_DELETE,CDC,
176,SEC_SILVER,FUND_COMPOSITE_FUND_XREF,FUND_COMPOSITE_FUND_XREF,FUND_COMPOSITE_FUND_XREF,MARKED_FOR_SKIP,CDC,172
177,SEC_SILVER,FUND_COMPOSITE_FUND_XREF,FUND_COMPOSITE_FUND_XREF,FUND_COMPOSITE_FUND_XREF,RECORDS_INSERTED,DML,173
178,SEC_SILVER,FUND_COMPOSITE_FUND_XREF,FUND_COMPOSITE_FUND_XREF,FUND_COMPOSITE_FUND_XREF,RECORDS_UPDATED,DML,174
179,SEC_SILVER,FUND_COMPOSITE_FUND_XREF,FUND_COMPOSITE_FUND_XREF,FUND_COMPOSITE_FUND_XREF,RECORDS_DELETED,DML,175
180,SEC_SILVER,FUND_COMPOSITE_FUND_XREF_KEY,FUND_COMPOSITE_FUND_XREF_KEY,FUND_COMPOSITE_FUND_XREF_KEY,RECORDS_INSERTED,DML,173
181,SEC_SILVER,TRANSACTION_TYPE_CATEGORY_XREF,TRANSACTION_TYPE_CATEGORY_XREF,TRANSACTION_TYPE_CATEGORY_XREF,RECORDS_RECEIVED,COUNT,
182,SEC_SILVER,TRANSACTION_TYPE_CATEGORY_XREF,TRANSACTION_TYPE_CATEGORY_XREF,TRANSACTION_TYPE_CATEGORY_XREF,MARKED_FOR_INSERT,CDC,181
183,SEC_SILVER,TRANSACTION_TYPE_CATEGORY_XREF,TRANSACTION_TYPE_CATEGORY_XREF,TRANSACTION_TYPE_CATEGORY_XREF,MARKED_FOR_UPDATE,CDC,181
184,SEC_SILVER,TRANSACTION_TYPE_CATEGORY_XREF,TRANSACTION_TYPE_CATEGORY_XREF,TRANSACTION_TYPE_CATEGORY_XREF,MARKED_FOR_DELETE,CDC,
185,SEC_SILVER,TRANSACTION_TYPE_CATEGORY_XREF,TRANSACTION_TYPE_CATEGORY_XREF,TRANSACTION_TYPE_CATEGORY_XREF,MARKED_FOR_SKIP,CDC,181
186,SEC_SILVER,TRANSACTION_TYPE_CATEGORY_XREF,TRANSACTION_TYPE_CATEGORY_XREF,TRANSACTION_TYPE_CATEGORY_XREF,RECORDS_INSERTED,DML,182
187,SEC_SILVER,TRANSACTION_TYPE_CATEGORY_XREF,TRANSACTION_TYPE_CATEGORY_XREF,TRANSACTION_TYPE_CATEGORY_XREF,RECORDS_UPDATED,DML,183
188,SEC_SILVER,TRANSACTION_TYPE_CATEGORY_XREF,TRANSACTION_TYPE_CATEGORY_XREF,TRANSACTION_TYPE_CATEGORY_XREF,RECORDS_DELETED,DML,184
189,SEC_SILVER,TRANSACTION_TYPE_CATEGORY_XREF_KEY,TRANSACTION_TYPE_CATEGORY_XREF_KEY,TRANSACTION_TYPE_CATEGORY_XREF_KEY,RECORDS_INSERTED,DML,182
190,SEC_SILVER,PERFORMANCE_METRIC_VARIANT_CONFIG,PERFORMANCE_METRIC_VARIANT_CONFIG,PERFORMANCE_METRIC_VARIANT_CONFIG,RECORDS_RECEIVED,COUNT,
191,SEC_SILVER,PERFORMANCE_METRIC_VARIANT_CONFIG,PERFORMANCE_METRIC_VARIANT_CONFIG,PERFORMANCE_METRIC_VARIANT_CONFIG,MARKED_FOR_INSERT,CDC,190
192,SEC_SILVER,PERFORMANCE_METRIC_VARIANT_CONFIG,PERFORMANCE_METRIC_VARIANT_CONFIG,PERFORMANCE_METRIC_VARIANT_CONFIG,MARKED_FOR_UPDATE,CDC,190
193,SEC_SILVER,PERFORMANCE_METRIC_VARIANT_CONFIG,PERFORMANCE_METRIC_VARIANT_CONFIG,PERFORMANCE_METRIC_VARIANT_CONFIG,MARKED_FOR_DELETE,CDC,
194,SEC_SILVER,PERFORMANCE_METRIC_VARIANT_CONFIG,PERFORMANCE_METRIC_VARIANT_CONFIG,PERFORMANCE_METRIC_VARIANT_CONFIG,MARKED_FOR_SKIP,CDC,190
195,SEC_SILVER,PERFORMANCE_METRIC_VARIANT_CONFIG,PERFORMANCE_METRIC_VARIANT_CONFIG,PERFORMANCE_METRIC_VARIANT_CONFIG,RECORDS_INSERTED,DML,191
196,SEC_SILVER,PERFORMANCE_METRIC_VARIANT_CONFIG,PERFORMANCE_METRIC_VARIANT_CONFIG,PERFORMANCE_METRIC_VARIANT_CONFIG,RECORDS_UPDATED,DML,192
197,SEC_SILVER,PERFORMANCE_METRIC_VARIANT_CONFIG,PERFORMANCE_METRIC_VARIANT_CONFIG,PERFORMANCE_METRIC_VARIANT_CONFIG,RECORDS_DELETED,DML,193
198,SEC_SILVER,PERFORMANCE_METRIC_VARIANT_CONFIG,PERFORMANCE_METRIC_VARIANT_CONFIG_KEY,PERFORMANCE_METRIC_VARIANT_CONFIG_KEY,RECORDS_INSERTED,DML,191
199,SEC_SILVER,FUND_PORTFOLIO_TRANSACTION,FUND_PORTFOLIO_TRANSACTION,FUND_PORTFOLIO_TRANSACTION,RECORDS_RECEIVED,COUNT,
200,SEC_SILVER,FUND_PORTFOLIO_TRANSACTION,FUND_PORTFOLIO_TRANSACTION,FUND_PORTFOLIO_TRANSACTION,MARKED_FOR_INSERT,CDC,199
201,SEC_SILVER,FUND_PORTFOLIO_TRANSACTION,FUND_PORTFOLIO_TRANSACTION,FUND_PORTFOLIO_TRANSACTION,MARKED_FOR_UPDATE,CDC,199
202,SEC_SILVER,FUND_PORTFOLIO_TRANSACTION,FUND_PORTFOLIO_TRANSACTION,FUND_PORTFOLIO_TRANSACTION,MARKED_FOR_DELETE,CDC,
203,SEC_SILVER,FUND_PORTFOLIO_TRANSACTION,FUND_PORTFOLIO_TRANSACTION,FUND_PORTFOLIO_TRANSACTION,MARKED_FOR_SKIP,CDC,199
204,SEC_SILVER,FUND_PORTFOLIO_TRANSACTION,FUND_PORTFOLIO_TRANSACTION,FUND_PORTFOLIO_TRANSACTION,RECORDS_INSERTED,DML,200
205,SEC_SILVER,FUND_PORTFOLIO_TRANSACTION,FUND_PORTFOLIO_TRANSACTION,FUND_PORTFOLIO_TRANSACTION,RECORDS_UPDATED,DML,201
206,SEC_SILVER,FUND_PORTFOLIO_TRANSACTION,FUND_PORTFOLIO_TRANSACTION,FUND_PORTFOLIO_TRANSACTION,RECORDS_DELETED,DML,202
207,SEC_SILVER,FUND_PORTFOLIO_TRANSACTION,FUND_PORTFOLIO_TRANSACTION_KEY,FUND_PORTFOLIO_TRANSACTION_KEY,RECORDS_INSERTED,DML,200
208,SEC_SILVER,FUND_PORTFOLIO_XREF,FUND_PORTFOLIO_XREF,FUND_PORTFOLIO_XREF,RECORDS_RECEIVED,COUNT,
209,SEC_SILVER,FUND_PORTFOLIO_XREF,FUND_PORTFOLIO_XREF,FUND_PORTFOLIO_XREF,MARKED_FOR_INSERT,CDC,208
210,SEC_SILVER,FUND_PORTFOLIO_XREF,FUND_PORTFOLIO_XREF,FUND_PORTFOLIO_XREF,MARKED_FOR_UPDATE,CDC,208
211,SEC_SILVER,FUND_PORTFOLIO_XREF,FUND_PORTFOLIO_XREF,FUND_PORTFOLIO_XREF,MARKED_FOR_DELETE,CDC,
212,SEC_SILVER,FUND_PORTFOLIO_XREF,FUND_PORTFOLIO_XREF,FUND_PORTFOLIO_XREF,MARKED_FOR_SKIP,CDC,208
213,SEC_SILVER,FUND_PORTFOLIO_XREF,FUND_PORTFOLIO_XREF,FUND_PORTFOLIO_XREF,RECORDS_INSERTED,DML,209
214,SEC_SILVER,FUND_PORTFOLIO_XREF,FUND_PORTFOLIO_XREF,FUND_PORTFOLIO_XREF,RECORDS_UPDATED,DML,210
215,SEC_SILVER,FUND_PORTFOLIO_XREF,FUND_PORTFOLIO_XREF,FUND_PORTFOLIO_XREF,RECORDS_DELETED,DML,211
216,SEC_SILVER,FUND_PORTFOLIO_XREF,FUND_PORTFOLIO_XREF_KEY,FUND_PORTFOLIO_XREF_KEY,RECORDS_INSERTED,DML,209
217,SEC_SILVER,FUND_TRANSACTION_SUMMARY,FUND_TRANSACTION_SUMMARY,FUND_TRANSACTION_SUMMARY,RECORDS_RECEIVED,COUNT,
218,SEC_SILVER,FUND_TRANSACTION_SUMMARY,FUND_TRANSACTION_SUMMARY,FUND_TRANSACTION_SUMMARY,MARKED_FOR_INSERT,CDC,217
219,SEC_SILVER,FUND_TRANSACTION_SUMMARY,FUND_TRANSACTION_SUMMARY,FUND_TRANSACTION_SUMMARY,MARKED_FOR_UPDATE,CDC,217
220,SEC_SILVER,FUND_TRANSACTION_SUMMARY,FUND_TRANSACTION_SUMMARY,FUND_TRANSACTION_SUMMARY,MARKED_FOR_DELETE,CDC,
221,SEC_SILVER,FUND_TRANSACTION_SUMMARY,FUND_TRANSACTION_SUMMARY,FUND_TRANSACTION_SUMMARY,MARKED_FOR_SKIP,CDC,217
222,SEC_SILVER,FUND_TRANSACTION_SUMMARY,FUND_TRANSACTION_SUMMARY,FUND_TRANSACTION_SUMMARY,RECORDS_INSERTED,DML,218
223,SEC_SILVER,FUND_TRANSACTION_SUMMARY,FUND_TRANSACTION_SUMMARY,FUND_TRANSACTION_SUMMARY,RECORDS_UPDATED,DML,219
224,SEC_SILVER,FUND_TRANSACTION_SUMMARY,FUND_TRANSACTION_SUMMARY,FUND_TRANSACTION_SUMMARY,RECORDS_DELETED,DML,220
225,SEC_SILVER,FUND_TRANSACTION_SUMMARY,FUND_TRANSACTION_SUMMARY_KEY,FUND_TRANSACTION_SUMMARY_KEY,RECORDS_INSERTED,DML,218
226,SEC_SILVER,FUND_COMPOSITE_TRANSACTION_SUMMARY,FUND_COMPOSITE_TRANSACTION_SUMMARY,FUND_COMPOSITE_TRANSACTION_SUMMARY,RECORDS_RECEIVED,COUNT,
227,SEC_SILVER,FUND_COMPOSITE_TRANSACTION_SUMMARY,FUND_COMPOSITE_TRANSACTION_SUMMARY,FUND_COMPOSITE_TRANSACTION_SUMMARY,MARKED_FOR_INSERT,CDC,226
228,SEC_SILVER,FUND_COMPOSITE_TRANSACTION_SUMMARY,FUND_COMPOSITE_TRANSACTION_SUMMARY,FUND_COMPOSITE_TRANSACTION_SUMMARY,MARKED_FOR_UPDATE,CDC,226
229,SEC_SILVER,FUND_COMPOSITE_TRANSACTION_SUMMARY,FUND_COMPOSITE_TRANSACTION_SUMMARY,FUND_COMPOSITE_TRANSACTION_SUMMARY,MARKED_FOR_DELETE,CDC,
230,SEC_SILVER,FUND_COMPOSITE_TRANSACTION_SUMMARY,FUND_COMPOSITE_TRANSACTION_SUMMARY,FUND_COMPOSITE_TRANSACTION_SUMMARY,MARKED_FOR_SKIP,CDC,226
231,SEC_SILVER,FUND_COMPOSITE_TRANSACTION_SUMMARY,FUND_COMPOSITE_TRANSACTION_SUMMARY,FUND_COMPOSITE_TRANSACTION_SUMMARY,RECORDS_INSERTED,DML,227
232,SEC_SILVER,FUND_COMPOSITE_TRANSACTION_SUMMARY,FUND_COMPOSITE_TRANSACTION_SUMMARY,FUND_COMPOSITE_TRANSACTION_SUMMARY,RECORDS_UPDATED,DML,228
233,SEC_SILVER,FUND_COMPOSITE_TRANSACTION_SUMMARY,FUND_COMPOSITE_TRANSACTION_SUMMARY,FUND_COMPOSITE_TRANSACTION_SUMMARY,RECORDS_DELETED,DML,229
234,SEC_SILVER,FUND_COMPOSITE_TRANSACTION_SUMMARY,FUND_COMPOSITE_TRANSACTION_SUMMARY_KEY,FUND_COMPOSITE_TRANSACTION_SUMMARY_KEY,RECORDS_INSERTED,DML,227
235,SEC_SILVER,FUND_LEVERAGE_TRANSACTION,FUND_LEVERAGE_TRANSACTION_SILVER,FUND_LEVERAGE_TRANSACTION,RECORDS_RECEIVED,COUNT,
236,SEC_SILVER,FUND_LEVERAGE_TRANSACTION,FUND_LEVERAGE_TRANSACTION_SILVER,FUND_LEVERAGE_TRANSACTION,MARKED_FOR_INSERT,CDC,235
237,SEC_SILVER,FUND_LEVERAGE_TRANSACTION,FUND_LEVERAGE_TRANSACTION_SILVER,FUND_LEVERAGE_TRANSACTION,MARKED_FOR_UPDATE,CDC,235
238,SEC_SILVER,FUND_LEVERAGE_TRANSACTION,FUND_LEVERAGE_TRANSACTION_SILVER,FUND_LEVERAGE_TRANSACTION,MARKED_FOR_DELETE,CDC,
239,SEC_SILVER,FUND_LEVERAGE_TRANSACTION,FUND_LEVERAGE_TRANSACTION_SILVER,FUND_LEVERAGE_TRANSACTION,MARKED_FOR_SKIP,CDC,235
240,SEC_SILVER,FUND_LEVERAGE_TRANSACTION,FUND_LEVERAGE_TRANSACTION_SILVER,FUND_LEVERAGE_TRANSACTION,RECORDS_INSERTED,DML,236
241,SEC_SILVER,FUND_LEVERAGE_TRANSACTION,FUND_LEVERAGE_TRANSACTION_SILVER,FUND_LEVERAGE_TRANSACTION,RECORDS_UPDATED,DML,237
242,SEC_SILVER,FUND_LEVERAGE_TRANSACTION,FUND_LEVERAGE_TRANSACTION_SILVER,FUND_LEVERAGE_TRANSACTION,RECORDS_DELETED,DML,238
243,SEC_SILVER,FUND_LEVERAGE_TRANSACTION,FUND_LEVERAGE_TRANSACTION_KEY_SILVER,FUND_LEVERAGE_TRANSACTION_KEY,RECORDS_INSERTED,DML,236
244,SEC_SILVER,FUND_PERFORMANCE_CALC_INPUT,FUND_PERFORMANCE_CALC_INPUT,FUND_PERFORMANCE_CALC_INPUT,RECORDS_RECEIVED,COUNT,
245,SEC_SILVER,FUND_PERFORMANCE_CALC_INPUT,FUND_PERFORMANCE_CALC_INPUT,FUND_PERFORMANCE_CALC_INPUT,MARKED_FOR_INSERT,CDC,244
246,SEC_SILVER,FUND_PERFORMANCE_CALC_INPUT,FUND_PERFORMANCE_CALC_INPUT,FUND_PERFORMANCE_CALC_INPUT,RECORDS_INSERTED,DML,245
247,SEC_SILVER,FUND_PERFORMANCE_CALC_OUTPUT,FUND_PERFORMANCE_CALC_OUTPUT,FUND_PERFORMANCE_CALC_OUTPUT,RECORDS_EXPECTED,COUNT,
248,SEC_SILVER,FUND_PERFORMANCE_CALC_OUTPUT,FUND_PERFORMANCE_CALC_OUTPUT,FUND_PERFORMANCE_CALC_OUTPUT,RECORDS_FOUND,COUNT,247
249,SEC_SILVER,FUND_PERFORMANCE_CALC_OUTPUT,FUND_PERFORMANCE_CALC_OUTPUT,FUND_PERFORMANCE_CALC_OUTPUT,RECORDS_INSERTED,COUNT,248
250,SEC_SILVER,FUND_PERFORMANCE_SUMMARY,FUND_PERFORMANCE_SUMMARY,FUND_PERFORMANCE_SUMMARY,RECORDS_RECEIVED,COUNT,
251,SEC_SILVER,FUND_PERFORMANCE_SUMMARY,FUND_PERFORMANCE_SUMMARY,FUND_PERFORMANCE_SUMMARY,MARKED_FOR_INSERT,CDC,250
252,SEC_SILVER,FUND_PERFORMANCE_SUMMARY,FUND_PERFORMANCE_SUMMARY,FUND_PERFORMANCE_SUMMARY,MARKED_FOR_UPDATE,CDC,250
253,SEC_SILVER,FUND_PERFORMANCE_SUMMARY,FUND_PERFORMANCE_SUMMARY,FUND_PERFORMANCE_SUMMARY,MARKED_FOR_DELETE,CDC,
254,SEC_SILVER,FUND_PERFORMANCE_SUMMARY,FUND_PERFORMANCE_SUMMARY,FUND_PERFORMANCE_SUMMARY,MARKED_FOR_SKIP,CDC,250
255,SEC_SILVER,FUND_PERFORMANCE_SUMMARY,FUND_PERFORMANCE_SUMMARY,FUND_PERFORMANCE_SUMMARY,RECORDS_INSERTED,DML,251
256,SEC_SILVER,FUND_PERFORMANCE_SUMMARY,FUND_PERFORMANCE_SUMMARY,FUND_PERFORMANCE_SUMMARY,RECORDS_UPDATED,DML,252
257,SEC_SILVER,FUND_PERFORMANCE_SUMMARY,FUND_PERFORMANCE_SUMMARY,FUND_PERFORMANCE_SUMMARY,RECORDS_DELETED,DML,253
258,SEC_SILVER,FUND_PERFORMANCE_SUMMARY,FUND_PERFORMANCE_SUMMARY_KEY,FUND_PERFORMANCE_SUMMARY_KEY,RECORDS_INSERTED,DML,251
259,SEC_GOLD,MTL_TRANSACTION_TYPE_CATEGORY_XREF,MTL_TRANSACTION_TYPE_CATEGORY_XREF,MTL_TRANSACTION_TYPE_CATEGORY_XREF,RECORDS_EXPECTED,COUNT,
260,SEC_GOLD,MTL_TRANSACTION_TYPE_CATEGORY_XREF,MTL_TRANSACTION_TYPE_CATEGORY_XREF,MTL_TRANSACTION_TYPE_CATEGORY_XREF,RECORDS_FOUND,COUNT,259
261,SEC_GOLD,MTL_TRANSACTION_TYPE_CATEGORY_XREF,MTL_TRANSACTION_TYPE_CATEGORY_XREF,MTL_TRANSACTION_TYPE_CATEGORY_XREF,RECORDS_INSERTED,COUNT,260
262,SEC_GOLD,MTL_FUND_COMPOSITE_FUND_XREF,MTL_FUND_COMPOSITE_FUND_XREF,MTL_FUND_COMPOSITE_FUND_XREF,RECORDS_EXPECTED,COUNT,
263,SEC_GOLD,MTL_FUND_COMPOSITE_FUND_XREF,MTL_FUND_COMPOSITE_FUND_XREF,MTL_FUND_COMPOSITE_FUND_XREF,RECORDS_FOUND,COUNT,262
264,SEC_GOLD,MTL_FUND_COMPOSITE_FUND_XREF,MTL_FUND_COMPOSITE_FUND_XREF,MTL_FUND_COMPOSITE_FUND_XREF,RECORDS_INSERTED,COUNT,263
265,SEC_GOLD,MTL_PERFORMANCE_METRIC_VARIANT_CONFIG,MTL_PERFORMANCE_METRIC_VARIANT_CONFIG,MTL_PERFORMANCE_METRIC_VARIANT_CONFIG,RECORDS_EXPECTED,COUNT,
266,SEC_GOLD,MTL_PERFORMANCE_METRIC_VARIANT_CONFIG,MTL_PERFORMANCE_METRIC_VARIANT_CONFIG,MTL_PERFORMANCE_METRIC_VARIANT_CONFIG,RECORDS_FOUND,COUNT,265
267,SEC_GOLD,MTL_PERFORMANCE_METRIC_VARIANT_CONFIG,MTL_PERFORMANCE_METRIC_VARIANT_CONFIG,MTL_PERFORMANCE_METRIC_VARIANT_CONFIG,RECORDS_INSERTED,COUNT,266
268,SEC_GOLD,MTL_FUND_PERFORMANCE_SUMMARY,MTL_FUND_PERFORMANCE_SUMMARY,MTL_FUND_PERFORMANCE_SUMMARY,RECORDS_EXPECTED,COUNT,
269,SEC_GOLD,MTL_FUND_PERFORMANCE_SUMMARY,MTL_FUND_PERFORMANCE_SUMMARY,MTL_FUND_PERFORMANCE_SUMMARY,RECORDS_FOUND,COUNT,268
270,SEC_GOLD,MTL_FUND_PERFORMANCE_SUMMARY,MTL_FUND_PERFORMANCE_SUMMARY,MTL_FUND_PERFORMANCE_SUMMARY,RECORDS_INSERTED,COUNT,269
271,SEC_SILVER,PERFORMANCE_METRIC_VARIANT_TRANSACTION_CATEGORY_XREF,PERFORMANCE_METRIC_VARIANT_TRANSACTION_CATEGORY_XREF,PERFORMANCE_METRIC_VARIANT_TRANSACTION_CATEGORY_XREF,RECORDS_RECEIVED,COUNT,
272,SEC_SILVER,PERFORMANCE_METRIC_VARIANT_TRANSACTION_CATEGORY_XREF,PERFORMANCE_METRIC_VARIANT_TRANSACTION_CATEGORY_XREF,PERFORMANCE_METRIC_VARIANT_TRANSACTION_CATEGORY_XREF,MARKED_FOR_INSERT,CDC,271
273,SEC_SILVER,PERFORMANCE_METRIC_VARIANT_TRANSACTION_CATEGORY_XREF,PERFORMANCE_METRIC_VARIANT_TRANSACTION_CATEGORY_XREF,PERFORMANCE_METRIC_VARIANT_TRANSACTION_CATEGORY_XREF,MARKED_FOR_UPDATE,CDC,271
274,SEC_SILVER,PERFORMANCE_METRIC_VARIANT_TRANSACTION_CATEGORY_XREF,PERFORMANCE_METRIC_VARIANT_TRANSACTION_CATEGORY_XREF,PERFORMANCE_METRIC_VARIANT_TRANSACTION_CATEGORY_XREF,MARKED_FOR_DELETE,CDC,
275,SEC_SILVER,PERFORMANCE_METRIC_VARIANT_TRANSACTION_CATEGORY_XREF,PERFORMANCE_METRIC_VARIANT_TRANSACTION_CATEGORY_XREF,PERFORMANCE_METRIC_VARIANT_TRANSACTION_CATEGORY_XREF,MARKED_FOR_SKIP,CDC,271
276,SEC_SILVER,PERFORMANCE_METRIC_VARIANT_TRANSACTION_CATEGORY_XREF,PERFORMANCE_METRIC_VARIANT_TRANSACTION_CATEGORY_XREF,PERFORMANCE_METRIC_VARIANT_TRANSACTION_CATEGORY_XREF,RECORDS_INSERTED,DML,272
277,SEC_SILVER,PERFORMANCE_METRIC_VARIANT_TRANSACTION_CATEGORY_XREF,PERFORMANCE_METRIC_VARIANT_TRANSACTION_CATEGORY_XREF,PERFORMANCE_METRIC_VARIANT_TRANSACTION_CATEGORY_XREF,RECORDS_UPDATED,DML,273
278,SEC_SILVER,PERFORMANCE_METRIC_VARIANT_TRANSACTION_CATEGORY_XREF,PERFORMANCE_METRIC_VARIANT_TRANSACTION_CATEGORY_XREF,PERFORMANCE_METRIC_VARIANT_TRANSACTION_CATEGORY_XREF,RECORDS_DELETED,DML,274
279,SEC_SILVER,PERFORMANCE_METRIC_VARIANT_TRANSACTION_CATEGORY_XREF,PERFORMANCE_METRIC_VARIANT_TRANSACTION_CATEGORY_XREF_KEY,PERFORMANCE_METRIC_VARIANT_TRANSACTION_CATEGORY_XREF_KEY,RECORDS_INSERTED,DML,272
280,SEC_SILVER,FUND_TRANSACTION_DETAIL,FUND_TRANSACTION_DETAIL,FUND_TRANSACTION_DETAIL,RECORDS_RECEIVED,COUNT,
281,SEC_SILVER,FUND_TRANSACTION_DETAIL,FUND_TRANSACTION_DETAIL,FUND_TRANSACTION_DETAIL,MARKED_FOR_INSERT,CDC,280
282,SEC_SILVER,FUND_TRANSACTION_DETAIL,FUND_TRANSACTION_DETAIL,FUND_TRANSACTION_DETAIL,MARKED_FOR_UPDATE,CDC,280
283,SEC_SILVER,FUND_TRANSACTION_DETAIL,FUND_TRANSACTION_DETAIL,FUND_TRANSACTION_DETAIL,MARKED_FOR_DELETE,CDC,
284,SEC_SILVER,FUND_TRANSACTION_DETAIL,FUND_TRANSACTION_DETAIL,FUND_TRANSACTION_DETAIL,MARKED_FOR_SKIP,CDC,280
285,SEC_SILVER,FUND_TRANSACTION_DETAIL,FUND_TRANSACTION_DETAIL,FUND_TRANSACTION_DETAIL,RECORDS_INSERTED,DML,281
286,SEC_SILVER,FUND_TRANSACTION_DETAIL,FUND_TRANSACTION_DETAIL,FUND_TRANSACTION_DETAIL,RECORDS_UPDATED,DML,282
287,SEC_SILVER,FUND_TRANSACTION_DETAIL,FUND_TRANSACTION_DETAIL,FUND_TRANSACTION_DETAIL,RECORDS_DELETED,DML,283
288,SEC_SILVER,FUND_TRANSACTION_DETAIL,FUND_TRANSACTION_DETAIL_KEY,FUND_TRANSACTION_DETAIL_KEY,RECORDS_INSERTED,DML,281
289,SEC_GOLD,MTL_FUND_TRANSACTION_DETAIL,MTL_FUND_TRANSACTION_DETAIL,MTL_FUND_TRANSACTION_DETAIL,RECORDS_EXPECTED,COUNT,
290,SEC_GOLD,MTL_FUND_TRANSACTION_DETAIL,MTL_FUND_TRANSACTION_DETAIL,MTL_FUND_TRANSACTION_DETAIL,RECORDS_FOUND,COUNT,289
291,SEC_GOLD,MTL_FUND_TRANSACTION_DETAIL,MTL_FUND_TRANSACTION_DETAIL,MTL_FUND_TRANSACTION_DETAIL,RECORDS_INSERTED,COUNT,290
292,SEC_BRONZE,FUND_LEVERAGE_TRANSACTION_DETAIL,FUND_LEVERAGE_TRANSACTION_DETAIL,FUND_LEVERAGE_TRANSACTION_DETAIL,RECORDS_DELETED,COUNT,
293,SEC_BRONZE,FUND_LEVERAGE_TRANSACTION_DETAIL,FUND_LEVERAGE_TRANSACTION_DETAIL,FUND_LEVERAGE_TRANSACTION_DETAIL,RECORDS_INSERTED,COUNT,
294,SEC_SILVER,FUND_PERFORMANCE_SUMMARY_TRANSACTION_XREF,FUND_PERFORMANCE_SUMMARY_TRANSACTION_XREF,FUND_PERFORMANCE_SUMMARY_TRANSACTION_XREF,RECORDS_RECEIVED,COUNT,
295,SEC_SILVER,FUND_PERFORMANCE_SUMMARY_TRANSACTION_XREF,FUND_PERFORMANCE_SUMMARY_TRANSACTION_XREF,FUND_PERFORMANCE_SUMMARY_TRANSACTION_XREF,MARKED_FOR_INSERT,CDC,294
296,SEC_SILVER,FUND_PERFORMANCE_SUMMARY_TRANSACTION_XREF,FUND_PERFORMANCE_SUMMARY_TRANSACTION_XREF,FUND_PERFORMANCE_SUMMARY_TRANSACTION_XREF,MARKED_FOR_UPDATE,CDC,294
297,SEC_SILVER,FUND_PERFORMANCE_SUMMARY_TRANSACTION_XREF,FUND_PERFORMANCE_SUMMARY_TRANSACTION_XREF,FUND_PERFORMANCE_SUMMARY_TRANSACTION_XREF,MARKED_FOR_SKIP,CDC,
298,SEC_SILVER,FUND_PERFORMANCE_SUMMARY_TRANSACTION_XREF,FUND_PERFORMANCE_SUMMARY_TRANSACTION_XREF,FUND_PERFORMANCE_SUMMARY_TRANSACTION_XREF,RECORDS_INSERTED,DML,295
299,SEC_SILVER,FUND_PERFORMANCE_SUMMARY_TRANSACTION_XREF,FUND_PERFORMANCE_SUMMARY_TRANSACTION_XREF,FUND_PERFORMANCE_SUMMARY_TRANSACTION_XREF,RECORDS_UPDATED,DML,296
300,SEC_SILVER,FUND_PERFORMANCE_SUMMARY_TRANSACTION_XREF,FUND_PERFORMANCE_SUMMARY_TRANSACTION_XREF,FUND_PERFORMANCE_SUMMARY_TRANSACTION_XREF,MARKED_FOR_DELETE,CDC,
301,SEC_SILVER,FUND_PERFORMANCE_SUMMARY_TRANSACTION_XREF,FUND_PERFORMANCE_SUMMARY_TRANSACTION_XREF,FUND_PERFORMANCE_SUMMARY_TRANSACTION_XREF,RECORDS_DELETED,DML,300
302,SEC_SILVER,FUND_PERFORMANCE_SUMMARY_TRANSACTION_XREF,FUND_PERFORMANCE_SUMMARY_TRANSACTION_XREF_KEY,FUND_PERFORMANCE_SUMMARY_TRANSACTION_XREF_KEY,RECORDS_INSERTED,DML,295
303,SEC_GOLD,FUND_COMPOSITE_FUND_XREF_MTL,FUND_COMPOSITE_FUND_XREF_MTL,FUND_COMPOSITE_FUND_XREF_MTL,RECORDS_EXPECTED,COUNT,
304,SEC_GOLD,FUND_COMPOSITE_FUND_XREF_MTL,FUND_COMPOSITE_FUND_XREF_MTL,FUND_COMPOSITE_FUND_XREF_MTL,RECORDS_FOUND,COUNT,303
305,SEC_GOLD,FUND_COMPOSITE_FUND_XREF_MTL,FUND_COMPOSITE_FUND_XREF_MTL,FUND_COMPOSITE_FUND_XREF_MTL,RECORDS_INSERTED,COUNT,304
306,SEC_GOLD,FUND_PERFORMANCE_SUMMARY_MTL,FUND_PERFORMANCE_SUMMARY_MTL,FUND_PERFORMANCE_SUMMARY_MTL,RECORDS_EXPECTED,COUNT,
307,SEC_GOLD,FUND_PERFORMANCE_SUMMARY_MTL,FUND_PERFORMANCE_SUMMARY_MTL,FUND_PERFORMANCE_SUMMARY_MTL,RECORDS_FOUND,COUNT,306
308,SEC_GOLD,FUND_PERFORMANCE_SUMMARY_MTL,FUND_PERFORMANCE_SUMMARY_MTL,FUND_PERFORMANCE_SUMMARY_MTL,RECORDS_INSERTED,COUNT,307
309,SEC_GOLD,FUND_PERFORMANCE_SUMMARY_TRANSACTION_XREF_MTL,FUND_PERF_SUMMARY_TRANSACTION_XREF_MTL,FUND_PERFORMANCE_SUMMARY_TRANSACTION_XREF_MTL,RECORDS_EXPECTED,COUNT,
310,SEC_GOLD,FUND_PERFORMANCE_SUMMARY_TRANSACTION_XREF_MTL,FUND_PERF_SUMMARY_TRANSACTION_XREF_MTL,FUND_PERFORMANCE_SUMMARY_TRANSACTION_XREF_MTL,RECORDS_FOUND,COUNT,309
311,SEC_GOLD,FUND_PERFORMANCE_SUMMARY_TRANSACTION_XREF_MTL,FUND_PERF_SUMMARY_TRANSACTION_XREF_MTL,FUND_PERFORMANCE_SUMMARY_TRANSACTION_XREF_MTL,RECORDS_INSERTED,COUNT,310
312,SEC_GOLD,FUND_TRANSACTION_DETAIL_MTL,FUND_TRANSACTION_DETAIL_MTL,FUND_TRANSACTION_DETAIL_MTL,RECORDS_EXPECTED,COUNT,
313,SEC_GOLD,FUND_TRANSACTION_DETAIL_MTL,FUND_TRANSACTION_DETAIL_MTL,FUND_TRANSACTION_DETAIL_MTL,RECORDS_FOUND,COUNT,312
314,SEC_GOLD,FUND_TRANSACTION_DETAIL_MTL,FUND_TRANSACTION_DETAIL_MTL,FUND_TRANSACTION_DETAIL_MTL,RECORDS_INSERTED,COUNT,313
315,SEC_GOLD,PERFORMANCE_METRIC_VARIANT_CONFIG_MTL,PERFORMANCE_METRIC_VARIANT_CONFIG_MTL,PERFORMANCE_METRIC_VARIANT_CONFIG_MTL,RECORDS_EXPECTED,COUNT,
316,SEC_GOLD,PERFORMANCE_METRIC_VARIANT_CONFIG_MTL,PERFORMANCE_METRIC_VARIANT_CONFIG_MTL,PERFORMANCE_METRIC_VARIANT_CONFIG_MTL,RECORDS_FOUND,COUNT,315
317,SEC_GOLD,PERFORMANCE_METRIC_VARIANT_CONFIG_MTL,PERFORMANCE_METRIC_VARIANT_CONFIG_MTL,PERFORMANCE_METRIC_VARIANT_CONFIG_MTL,RECORDS_INSERTED,COUNT,316
318,SEC_GOLD,TRANSACTION_TYPE_CATEGORY_XREF_MTL,TRANSACTION_TYPE_CATEGORY_XREF_MTL,TRANSACTION_TYPE_CATEGORY_XREF_MTL,RECORDS_EXPECTED,COUNT,
319,SEC_GOLD,TRANSACTION_TYPE_CATEGORY_XREF_MTL,TRANSACTION_TYPE_CATEGORY_XREF_MTL,TRANSACTION_TYPE_CATEGORY_XREF_MTL,RECORDS_FOUND,COUNT,318
320,SEC_GOLD,TRANSACTION_TYPE_CATEGORY_XREF_MTL,TRANSACTION_TYPE_CATEGORY_XREF_MTL,TRANSACTION_TYPE_CATEGORY_XREF_MTL,RECORDS_INSERTED,COUNT,319
321,SEC_BRONZE,FUND_LEVERAGE_TRANSACTION_SUMMARY,FUND_LEVERAGE_TRANSACTION_SUMMARY,FUND_LEVERAGE_TRANSACTION_SUMMARY,RECORDS_DELETED,COUNT,
322,SEC_BRONZE,FUND_LEVERAGE_TRANSACTION_SUMMARY,FUND_LEVERAGE_TRANSACTION_SUMMARY,FUND_LEVERAGE_TRANSACTION_SUMMARY,RECORDS_INSERTED,COUNT,
323,SEC_BRONZE,DEBT_COMMITMENT_CREDIT_FACILITY_FEES,DEBT_COMMITMENT_CREDIT_FACILITY_FEES,DEBT_COMMITMENT_CREDIT_FACILITY_FEES,RECORDS_RECEIVED,COUNT,
324,SEC_BRONZE,DEBT_COMMITMENT_CREDIT_FACILITY_FEES,DEBT_COMMITMENT_CREDIT_FACILITY_FEES,DEBT_COMMITMENT_CREDIT_FACILITY_FEES,RECORDS_INSERTED,COUNT,
325,SEC_SILVER,FUND_HIERARCHY_PURPOSE,FUND_HIERARCHY_PURPOSE,FUND_HIERARCHY_PURPOSE,RECORDS_RECEIVED,COUNT,
326,SEC_SILVER,FUND_HIERARCHY_PURPOSE,FUND_HIERARCHY_PURPOSE,FUND_HIERARCHY_PURPOSE,MARKED_FOR_INSERT,CDC,325
327,SEC_SILVER,FUND_HIERARCHY_PURPOSE,FUND_HIERARCHY_PURPOSE,FUND_HIERARCHY_PURPOSE,MARKED_FOR_UPDATE,CDC,325
328,SEC_SILVER,FUND_HIERARCHY_PURPOSE,FUND_HIERARCHY_PURPOSE,FUND_HIERARCHY_PURPOSE,MARKED_FOR_DELETE,CDC,
329,SEC_SILVER,FUND_HIERARCHY_PURPOSE,FUND_HIERARCHY_PURPOSE,FUND_HIERARCHY_PURPOSE,MARKED_FOR_SKIP,CDC,325
330,SEC_SILVER,FUND_HIERARCHY_PURPOSE,FUND_HIERARCHY_PURPOSE,FUND_HIERARCHY_PURPOSE,RECORDS_INSERTED,DML,326
331,SEC_SILVER,FUND_HIERARCHY_PURPOSE,FUND_HIERARCHY_PURPOSE,FUND_HIERARCHY_PURPOSE,RECORDS_UPDATED,DML,327
332,SEC_SILVER,FUND_HIERARCHY_PURPOSE,FUND_HIERARCHY_PURPOSE,FUND_HIERARCHY_PURPOSE,RECORDS_DELETED,DML,328
333,SEC_SILVER,FUND_HIERARCHY_PURPOSE,FUND_HIERARCHY_PURPOSE_KEY,FUND_HIERARCHY_PURPOSE_KEY,RECORDS_INSERTED,DML,326
334,SEC_SILVER,FUND_HIERARCHY,FUND_HIERARCHY,FUND_HIERARCHY,RECORDS_RECEIVED,COUNT,
335,SEC_SILVER,FUND_HIERARCHY,FUND_HIERARCHY,FUND_HIERARCHY,MARKED_FOR_INSERT,CDC,334
336,SEC_SILVER,FUND_HIERARCHY,FUND_HIERARCHY,FUND_HIERARCHY,MARKED_FOR_UPDATE,CDC,334
337,SEC_SILVER,FUND_HIERARCHY,FUND_HIERARCHY,FUND_HIERARCHY,MARKED_FOR_DELETE,CDC,
338,SEC_SILVER,FUND_HIERARCHY,FUND_HIERARCHY,FUND_HIERARCHY,MARKED_FOR_SKIP,CDC,334
339,SEC_SILVER,FUND_HIERARCHY,FUND_HIERARCHY,FUND_HIERARCHY,RECORDS_INSERTED,DML,335
340,SEC_SILVER,FUND_HIERARCHY,FUND_HIERARCHY,FUND_HIERARCHY,RECORDS_UPDATED,DML,336
341,SEC_SILVER,FUND_HIERARCHY,FUND_HIERARCHY,FUND_HIERARCHY,RECORDS_DELETED,DML,337
342,SEC_SILVER,FUND_HIERARCHY,FUND_HIERARCHY_KEY,FUND_HIERARCHY_KEY,RECORDS_INSERTED,DML,335
343,SEC_BRONZE,FIS_HISTORICAL_DATA_LOAD,FIS_LEVERAGE_EXCEL_PARSER,FUND_LEVERAGE_CSV_FILES,FILES_RECEIVED,COUNT,
344,SEC_BRONZE,FIS_HISTORICAL_DATA_LOAD,FIS_LEVERAGE_EXCEL_PARSER,FUND_LEVERAGE_CSV_FILES,FILES_SUCCESS,COUNT,343
345,SEC_BRONZE,FIS_HISTORICAL_DATA_LOAD,FIS_LEVERAGE_EXCEL_PARSER,FUND_LEVERAGE_CSV_FILES,FILES_FAILED,COUNT,343
346,SEC_BRONZE,FIS_HISTORICAL_DATA_LOAD,FIS_LEVERAGE_EXCEL_PARSER,FUND_LEVERAGE_CSV_FILES,RECORDS_PARSED_1,COUNT,
347,SEC_BRONZE,FIS_HISTORICAL_DATA_LOAD,FIS_LEVERAGE_EXCEL_PARSER,FUND_LEVERAGE_CSV_FILES,RECORDS_PARSED_2,COUNT,
348,SEC_BRONZE,FIS_HISTORICAL_DATA_LOAD,FIS_LEVERAGE_EXCEL_PARSER,FUND_LEVERAGE_CSV_FILES,RECORDS_PARSED_3,COUNT,
349,SEC_BRONZE,FIS_HISTORICAL_DATA_LOAD,STG_FUND_LEVERAGE_TRANSACTION_SUMMARY,STG_FUND_LEVERAGE_TRANSACTION_SUMMARY,RECORDS_RECEIVED,COUNT,346
350,SEC_BRONZE,FIS_HISTORICAL_DATA_LOAD,STG_FUND_LEVERAGE_TRANSACTION_SUMMARY,STG_FUND_LEVERAGE_TRANSACTION_SUMMARY,RECORDS_INSERTED,DML,349
351,SEC_BRONZE,FIS_HISTORICAL_DATA_LOAD,STG_FUND_LEVERAGE_TRANSACTION_SUMMARY,STG_FUND_LEVERAGE_TRANSACTION_SUMMARY,RECORDS_DELETED,DML,
352,SEC_BRONZE,FIS_HISTORICAL_DATA_LOAD,STG_FUND_LEVERAGE_TRANSACTION_PRINCIPAL_ACTIVITY,STG_FUND_LEVERAGE_TRANSACTION_PRINCIPAL_ACTIVITY,RECORDS_RECEIVED,COUNT,347
353,SEC_BRONZE,FIS_HISTORICAL_DATA_LOAD,STG_FUND_LEVERAGE_TRANSACTION_PRINCIPAL_ACTIVITY,STG_FUND_LEVERAGE_TRANSACTION_PRINCIPAL_ACTIVITY,RECORDS_INSERTED,DML,352
354,SEC_BRONZE,FIS_HISTORICAL_DATA_LOAD,STG_FUND_LEVERAGE_TRANSACTION_PRINCIPAL_ACTIVITY,STG_FUND_LEVERAGE_TRANSACTION_PRINCIPAL_ACTIVITY,RECORDS_DELETED,DML,
355,SEC_BRONZE,FIS_HISTORICAL_DATA_LOAD,STG_FUND_LEVERAGE_TRANSACTION_INTEREST_ACTIVITY,STG_FUND_LEVERAGE_TRANSACTION_INTEREST_ACTIVITY,RECORDS_RECEIVED,COUNT,348
356,SEC_BRONZE,FIS_HISTORICAL_DATA_LOAD,STG_FUND_LEVERAGE_TRANSACTION_INTEREST_ACTIVITY,STG_FUND_LEVERAGE_TRANSACTION_INTEREST_ACTIVITY,RECORDS_INSERTED,DML,355
357,SEC_BRONZE,FIS_HISTORICAL_DATA_LOAD,STG_FUND_LEVERAGE_TRANSACTION_INTEREST_ACTIVITY,STG_FUND_LEVERAGE_TRANSACTION_INTEREST_ACTIVITY,RECORDS_DELETED,DML,
358,SEC_GOLD,FUND_HIERARCHY_MTL,FUND_HIERARCHY_MTL,FUND_HIERARCHY_MTL,RECORDS_EXPECTED,COUNT,
359,SEC_GOLD,FUND_HIERARCHY_MTL,FUND_HIERARCHY_MTL,FUND_HIERARCHY_MTL,RECORDS_FOUND,COUNT,358
360,SEC_GOLD,FUND_HIERARCHY_MTL,FUND_HIERARCHY_MTL,FUND_HIERARCHY_MTL,RECORDS_INSERTED,COUNT,359
361,SEC_BRONZE,FUND_CURRENT_BALANCE,FUND_CURRENT_BALANCE,STG_FIS_CURRENTBALANCES_HST,RECORDS_DELETED,COUNT,
362,SEC_BRONZE,FUND_CURRENT_BALANCE,FUND_CURRENT_BALANCE,STG_FIS_CURRENTBALANCES_HST,RECORDS_INSERTED,COUNT,
363,ENTRPT_SILVER,SHARECLASS,SHARECLASS,SHARECLASS,RECORDS_RECEIVED,COUNT,
364,ENTRPT_SILVER,SHARECLASS,SHARECLASS,SHARECLASS,MARKED_FOR_INSERT,CDC,363
365,ENTRPT_SILVER,SHARECLASS,SHARECLASS,SHARECLASS,MARKED_FOR_UPDATE,CDC,363
366,ENTRPT_SILVER,SHARECLASS,SHARECLASS,SHARECLASS,MARKED_FOR_DELETE,CDC,
367,ENTRPT_SILVER,SHARECLASS,SHARECLASS,SHARECLASS,MARKED_FOR_SKIP,CDC,363
368,ENTRPT_SILVER,SHARECLASS,SHARECLASS,SHARECLASS,RECORDS_INSERTED,DML,364
369,ENTRPT_SILVER,SHARECLASS,SHARECLASS,SHARECLASS,RECORDS_UPDATED,DML,365
370,ENTRPT_SILVER,SHARECLASS,SHARECLASS,SHARECLASS,RECORDS_DELETED,DML,366
371,ENTRPT_SILVER,SHARECLASS,SHARECLASS_KEY,SHARECLASS_KEY,RECORDS_INSERTED,DML,364
372,ENTRPT_BRONZE,HGPS_PORTFOLIO_VAL_DATA_LOAD,PORTFOLIO_VAL_EXCEL_PARSER,PORTFOLIO_VAL_EXCEL_FILES,FILES_RECEIVED,COUNT,
373,ENTRPT_BRONZE,HGPS_PORTFOLIO_VAL_DATA_LOAD,PORTFOLIO_VAL_EXCEL_PARSER,PORTFOLIO_VAL_EXCEL_FILES,FILES_SUCCESS,COUNT,372
374,ENTRPT_BRONZE,HGPS_PORTFOLIO_VAL_DATA_LOAD,PORTFOLIO_VAL_EXCEL_PARSER,PORTFOLIO_VAL_EXCEL_FILES,FILES_FAILED,COUNT,372
375,ENTRPT_BRONZE,HGPS_PORTFOLIO_VAL_DATA_LOAD,PORTFOLIO_VAL_EXCEL_PARSER,PORTFOLIO_VAL_EXCEL_FILES,RECORDS_PARSED,COUNT,
376,ENTRPT_BRONZE,HGPS_PORTFOLIO_ACCOUNTING_BNY,HGPS_PORTFOLIO_ACCOUNTING_BNY,HGPS_PORTFOLIO_ACCOUNTING_BNY,RECORDS_DELETED,COUNT,
377,ENTRPT_BRONZE,HGPS_PORTFOLIO_ACCOUNTING_BNY,HGPS_PORTFOLIO_ACCOUNTING_BNY,HGPS_PORTFOLIO_ACCOUNTING_BNY,RECORDS_INSERTED,COUNT,
378,ENTRPT_SILVER,DEAL_TYPE,DEAL_TYPE,DEAL_TYPE,RECORDS_RECEIVED,COUNT,
379,ENTRPT_SILVER,DEAL_TYPE,DEAL_TYPE,DEAL_TYPE,MARKED_FOR_INSERT,CDC,378
380,ENTRPT_SILVER,DEAL_TYPE,DEAL_TYPE,DEAL_TYPE,MARKED_FOR_UPDATE,CDC,378
381,ENTRPT_SILVER,DEAL_TYPE,DEAL_TYPE,DEAL_TYPE,MARKED_FOR_DELETE,CDC,
382,ENTRPT_SILVER,DEAL_TYPE,DEAL_TYPE,DEAL_TYPE,MARKED_FOR_SKIP,CDC,378
383,ENTRPT_SILVER,DEAL_TYPE,DEAL_TYPE,DEAL_TYPE,RECORDS_INSERTED,DML,379
384,ENTRPT_SILVER,DEAL_TYPE,DEAL_TYPE,DEAL_TYPE,RECORDS_UPDATED,DML,380
385,ENTRPT_SILVER,DEAL_TYPE,DEAL_TYPE,DEAL_TYPE,RECORDS_DELETED,DML,381
386,ENTRPT_SILVER,DEAL_TYPE,DEAL_TYPE_KEY,DEAL_TYPE_KEY,RECORDS_INSERTED,DML,379
387,ENTRPT_SILVER,INVESTMENT_STAGE,INVESTMENT_STAGE,INVESTMENT_STAGE,RECORDS_RECEIVED,COUNT,
388,ENTRPT_SILVER,INVESTMENT_STAGE,INVESTMENT_STAGE,INVESTMENT_STAGE,MARKED_FOR_INSERT,CDC,387
389,ENTRPT_SILVER,INVESTMENT_STAGE,INVESTMENT_STAGE,INVESTMENT_STAGE,MARKED_FOR_UPDATE,CDC,387
390,ENTRPT_SILVER,INVESTMENT_STAGE,INVESTMENT_STAGE,INVESTMENT_STAGE,MARKED_FOR_DELETE,CDC,
391,ENTRPT_SILVER,INVESTMENT_STAGE,INVESTMENT_STAGE,INVESTMENT_STAGE,MARKED_FOR_SKIP,CDC,387
392,ENTRPT_SILVER,INVESTMENT_STAGE,INVESTMENT_STAGE,INVESTMENT_STAGE,RECORDS_INSERTED,DML,388
393,ENTRPT_SILVER,INVESTMENT_STAGE,INVESTMENT_STAGE,INVESTMENT_STAGE,RECORDS_UPDATED,DML,389
394,ENTRPT_SILVER,INVESTMENT_STAGE,INVESTMENT_STAGE,INVESTMENT_STAGE,RECORDS_DELETED,DML,390
395,ENTRPT_SILVER,INVESTMENT_STAGE,INVESTMENT_STAGE_KEY,INVESTMENT_STAGE_KEY,RECORDS_INSERTED,DML,388
396,ENTRPT_SILVER,REGION,REGION,REGION,RECORDS_RECEIVED,COUNT,
397,ENTRPT_SILVER,REGION,REGION,REGION,MARKED_FOR_INSERT,CDC,396
398,ENTRPT_SILVER,REGION,REGION,REGION,MARKED_FOR_UPDATE,CDC,396
399,ENTRPT_SILVER,REGION,REGION,REGION,MARKED_FOR_DELETE,CDC,
400,ENTRPT_SILVER,REGION,REGION,REGION,MARKED_FOR_SKIP,CDC,396
401,ENTRPT_SILVER,REGION,REGION,REGION,RECORDS_INSERTED,DML,397
402,ENTRPT_SILVER,REGION,REGION,REGION,RECORDS_UPDATED,DML,398
403,ENTRPT_SILVER,REGION,REGION,REGION,RECORDS_DELETED,DML,399
404,ENTRPT_SILVER,REGION,REGION_KEY,REGION_KEY,RECORDS_INSERTED,DML,397
405,ENTRPT_SILVER,SECURITY_TYPE,SECURITY_TYPE,SECURITY_TYPE,RECORDS_RECEIVED,COUNT,
406,ENTRPT_SILVER,SECURITY_TYPE,SECURITY_TYPE,SECURITY_TYPE,MARKED_FOR_INSERT,CDC,405
407,ENTRPT_SILVER,SECURITY_TYPE,SECURITY_TYPE,SECURITY_TYPE,MARKED_FOR_UPDATE,CDC,405
408,ENTRPT_SILVER,SECURITY_TYPE,SECURITY_TYPE,SECURITY_TYPE,MARKED_FOR_DELETE,CDC,
409,ENTRPT_SILVER,SECURITY_TYPE,SECURITY_TYPE,SECURITY_TYPE,MARKED_FOR_SKIP,CDC,405
410,ENTRPT_SILVER,SECURITY_TYPE,SECURITY_TYPE,SECURITY_TYPE,RECORDS_INSERTED,DML,406
411,ENTRPT_SILVER,SECURITY_TYPE,SECURITY_TYPE,SECURITY_TYPE,RECORDS_UPDATED,DML,407
412,ENTRPT_SILVER,SECURITY_TYPE,SECURITY_TYPE,SECURITY_TYPE,RECORDS_DELETED,DML,408
413,ENTRPT_SILVER,SECURITY_TYPE,SECURITY_TYPE_KEY,SECURITY_TYPE_KEY,RECORDS_INSERTED,DML,406
414,ENTRPT_SILVER,SECURITY_COMPANY_HVW,SECURITY_COMPANY_HVW,SECURITY,RECORDS_RECEIVED,COUNT,
415,ENTRPT_SILVER,SECURITY_COMPANY_HVW,SECURITY_COMPANY_HVW,SECURITY,MARKED_FOR_INSERT,CDC,414
416,ENTRPT_SILVER,SECURITY_COMPANY_HVW,SECURITY_COMPANY_HVW,SECURITY,MARKED_FOR_UPDATE,CDC,414
417,ENTRPT_SILVER,SECURITY_COMPANY_HVW,SECURITY_COMPANY_HVW,SECURITY,MARKED_FOR_DELETE,CDC,
418,ENTRPT_SILVER,SECURITY_COMPANY_HVW,SECURITY_COMPANY_HVW,SECURITY,MARKED_FOR_SKIP,CDC,414
419,ENTRPT_SILVER,SECURITY_COMPANY_HVW,SECURITY_COMPANY_HVW,SECURITY,RECORDS_INSERTED,DML,415
420,ENTRPT_SILVER,SECURITY_COMPANY_HVW,SECURITY_COMPANY_HVW,SECURITY,RECORDS_UPDATED,DML,416
421,ENTRPT_SILVER,SECURITY_COMPANY_HVW,SECURITY_COMPANY_HVW,SECURITY,RECORDS_DELETED,DML,417
422,ENTRPT_SILVER,SECURITY_COMPANY_HVW,SECURITY_KEY_COMPANY_HVW,SECURITY_KEY,RECORDS_INSERTED,DML,415
423,ENTRPT_SILVER,METRIC_TYPE,METRIC_TYPE,METRIC_TYPE,RECORDS_RECEIVED,COUNT,
424,ENTRPT_SILVER,METRIC_TYPE,METRIC_TYPE,METRIC_TYPE,MARKED_FOR_INSERT,CDC,423
425,ENTRPT_SILVER,METRIC_TYPE,METRIC_TYPE,METRIC_TYPE,MARKED_FOR_UPDATE,CDC,423
426,ENTRPT_SILVER,METRIC_TYPE,METRIC_TYPE,METRIC_TYPE,MARKED_FOR_DELETE,CDC,
427,ENTRPT_SILVER,METRIC_TYPE,METRIC_TYPE,METRIC_TYPE,MARKED_FOR_SKIP,CDC,423
428,ENTRPT_SILVER,METRIC_TYPE,METRIC_TYPE,METRIC_TYPE,RECORDS_INSERTED,DML,424
429,ENTRPT_SILVER,METRIC_TYPE,METRIC_TYPE,METRIC_TYPE,RECORDS_UPDATED,DML,425
430,ENTRPT_SILVER,METRIC_TYPE,METRIC_TYPE,METRIC_TYPE,RECORDS_DELETED,DML,426
431,ENTRPT_SILVER,METRIC_TYPE,METRIC_TYPE_KEY,METRIC_TYPE_KEY,RECORDS_INSERTED,DML,424
432,ENTRPT_SILVER,METRIC_TIME_HORIZON,METRIC_TIME_HORIZON,METRIC_TIME_HORIZON,RECORDS_RECEIVED,COUNT,
433,ENTRPT_SILVER,METRIC_TIME_HORIZON,METRIC_TIME_HORIZON,METRIC_TIME_HORIZON,MARKED_FOR_INSERT,CDC,432
434,ENTRPT_SILVER,METRIC_TIME_HORIZON,METRIC_TIME_HORIZON,METRIC_TIME_HORIZON,MARKED_FOR_UPDATE,CDC,432
435,ENTRPT_SILVER,METRIC_TIME_HORIZON,METRIC_TIME_HORIZON,METRIC_TIME_HORIZON,MARKED_FOR_DELETE,CDC,
436,ENTRPT_SILVER,METRIC_TIME_HORIZON,METRIC_TIME_HORIZON,METRIC_TIME_HORIZON,MARKED_FOR_SKIP,CDC,432
437,ENTRPT_SILVER,METRIC_TIME_HORIZON,METRIC_TIME_HORIZON,METRIC_TIME_HORIZON,RECORDS_INSERTED,DML,433
438,ENTRPT_SILVER,METRIC_TIME_HORIZON,METRIC_TIME_HORIZON,METRIC_TIME_HORIZON,RECORDS_UPDATED,DML,434
439,ENTRPT_SILVER,METRIC_TIME_HORIZON,METRIC_TIME_HORIZON,METRIC_TIME_HORIZON,RECORDS_DELETED,DML,435
440,ENTRPT_SILVER,METRIC_TIME_HORIZON,METRIC_TIME_HORIZON_KEY,METRIC_TIME_HORIZON_KEY,RECORDS_INSERTED,DML,433
441,ENTRPT_SILVER,SECURITY_PORTFOLIO_HGPS_BNY,SECURITY_PORTFOLIO_HGPS_BNY,SECURITY,RECORDS_RECEIVED,COUNT,
442,ENTRPT_SILVER,SECURITY_PORTFOLIO_HGPS_BNY,SECURITY_PORTFOLIO_HGPS_BNY,SECURITY,MARKED_FOR_INSERT,CDC,441
443,ENTRPT_SILVER,SECURITY_PORTFOLIO_HGPS_BNY,SECURITY_PORTFOLIO_HGPS_BNY,SECURITY,MARKED_FOR_UPDATE,CDC,441
444,ENTRPT_SILVER,SECURITY_PORTFOLIO_HGPS_BNY,SECURITY_PORTFOLIO_HGPS_BNY,SECURITY,MARKED_FOR_DELETE,CDC,
445,ENTRPT_SILVER,SECURITY_PORTFOLIO_HGPS_BNY,SECURITY_PORTFOLIO_HGPS_BNY,SECURITY,MARKED_FOR_SKIP,CDC,441
446,ENTRPT_SILVER,SECURITY_PORTFOLIO_HGPS_BNY,SECURITY_PORTFOLIO_HGPS_BNY,SECURITY,RECORDS_INSERTED,DML,442
447,ENTRPT_SILVER,SECURITY_PORTFOLIO_HGPS_BNY,SECURITY_PORTFOLIO_HGPS_BNY,SECURITY,RECORDS_UPDATED,DML,443
448,ENTRPT_SILVER,SECURITY_PORTFOLIO_HGPS_BNY,SECURITY_PORTFOLIO_HGPS_BNY,SECURITY,RECORDS_DELETED,DML,444
449,ENTRPT_SILVER,SECURITY_PORTFOLIO_HGPS_BNY,SECURITY_KEY_PORTFOLIO_HGPS_BNY,SECURITY_KEY,RECORDS_INSERTED,DML,442
450,ENTRPT_SILVER,PROJECT_HGPS_BNY,PROJECT_HGPS_BNY,PROJECT,RECORDS_RECEIVED,COUNT,
451,ENTRPT_SILVER,PROJECT_HGPS_BNY,PROJECT_HGPS_BNY,PROJECT,MARKED_FOR_INSERT,CDC,450
452,ENTRPT_SILVER,PROJECT_HGPS_BNY,PROJECT_HGPS_BNY,PROJECT,MARKED_FOR_UPDATE,CDC,450
453,ENTRPT_SILVER,PROJECT_HGPS_BNY,PROJECT_HGPS_BNY,PROJECT,MARKED_FOR_DELETE,CDC,
454,ENTRPT_SILVER,PROJECT_HGPS_BNY,PROJECT_HGPS_BNY,PROJECT,MARKED_FOR_SKIP,CDC,450
455,ENTRPT_SILVER,PROJECT_HGPS_BNY,PROJECT_HGPS_BNY,PROJECT,RECORDS_INSERTED,DML,451
456,ENTRPT_SILVER,PROJECT_HGPS_BNY,PROJECT_HGPS_BNY,PROJECT,RECORDS_UPDATED,DML,452
457,ENTRPT_SILVER,PROJECT_HGPS_BNY,PROJECT_HGPS_BNY,PROJECT,RECORDS_DELETED,DML,453
458,ENTRPT_SILVER,PROJECT_HGPS_BNY,PROJECT_KEY_HGPS_BNY,PROJECT_KEY,RECORDS_INSERTED,DML,451
459,ENTRPT_BRONZE,HGPS_SHARECLASS_DATA_LOAD,SHARECLASS_EXCEL_PARSER,SHARECLASS_EXCEL_FILES,FILES_RECEIVED,COUNT,
460,ENTRPT_BRONZE,HGPS_SHARECLASS_DATA_LOAD,SHARECLASS_EXCEL_PARSER,SHARECLASS_EXCEL_FILES,FILES_SUCCESS,COUNT,459
461,ENTRPT_BRONZE,HGPS_SHARECLASS_DATA_LOAD,SHARECLASS_EXCEL_PARSER,SHARECLASS_EXCEL_FILES,FILES_FAILED,COUNT,459
462,ENTRPT_BRONZE,HGPS_SHARECLASS_DATA_LOAD,SHARECLASS_EXCEL_PARSER,SHARECLASS_EXCEL_FILES,RECORDS_PARSED,COUNT,
463,ENTRPT_BRONZE,SHARECLASS_DETAIL,SHARECLASS_DETAIL,SHARECLASS_DETAIL,RECORDS_DELETED,COUNT,
464,ENTRPT_BRONZE,SHARECLASS_DETAIL,SHARECLASS_DETAIL,SHARECLASS_DETAIL,RECORDS_INSERTED,COUNT,
465,ENTRPT_SILVER,SECURITY_FUND,SECURITY_FUND,SECURITY,RECORDS_RECEIVED,COUNT,
466,ENTRPT_SILVER,SECURITY_FUND,SECURITY_FUND,SECURITY,MARKED_FOR_INSERT,CDC,465
467,ENTRPT_SILVER,SECURITY_FUND,SECURITY_FUND,SECURITY,MARKED_FOR_UPDATE,CDC,465
468,ENTRPT_SILVER,SECURITY_FUND,SECURITY_FUND,SECURITY,MARKED_FOR_DELETE,CDC,
469,ENTRPT_SILVER,SECURITY_FUND,SECURITY_FUND,SECURITY,MARKED_FOR_SKIP,CDC,465
470,ENTRPT_SILVER,SECURITY_FUND,SECURITY_FUND,SECURITY,RECORDS_INSERTED,DML,466
471,ENTRPT_SILVER,SECURITY_FUND,SECURITY_FUND,SECURITY,RECORDS_UPDATED,DML,467
472,ENTRPT_SILVER,SECURITY_FUND,SECURITY_FUND,SECURITY,RECORDS_DELETED,DML,468
473,ENTRPT_SILVER,SECURITY_KEY_FUND,SECURITY_KEY_FUND,SECURITY_KEY,RECORDS_INSERTED,DML,466
474,ENTRPT_SILVER,DEAL_HGPS_BNY,DEAL_HGPS_BNY,DEAL,RECORDS_RECEIVED,COUNT,
475,ENTRPT_SILVER,DEAL_HGPS_BNY,DEAL_HGPS_BNY,DEAL,MARKED_FOR_INSERT,CDC,474
476,ENTRPT_SILVER,DEAL_HGPS_BNY,DEAL_HGPS_BNY,DEAL,MARKED_FOR_UPDATE,CDC,474
477,ENTRPT_SILVER,DEAL_HGPS_BNY,DEAL_HGPS_BNY,DEAL,MARKED_FOR_DELETE,CDC,
478,ENTRPT_SILVER,DEAL_HGPS_BNY,DEAL_HGPS_BNY,DEAL,MARKED_FOR_SKIP,CDC,474
479,ENTRPT_SILVER,DEAL_HGPS_BNY,DEAL_HGPS_BNY,DEAL,RECORDS_INSERTED,DML,475
480,ENTRPT_SILVER,DEAL_HGPS_BNY,DEAL_HGPS_BNY,DEAL,RECORDS_UPDATED,DML,476
481,ENTRPT_SILVER,DEAL_HGPS_BNY,DEAL_HGPS_BNY,DEAL,RECORDS_DELETED,DML,477
482,ENTRPT_SILVER,DEAL_KEY_HGPS_BNY,DEAL_KEY_HGPS_BNY,DEAL_KEY,RECORDS_INSERTED,DML,475
483,ENTRPT_SILVER,SECURITY_SHARECLASS,SECURITY_SHARECLASS,SECURITY,RECORDS_RECEIVED,COUNT,
484,ENTRPT_SILVER,SECURITY_SHARECLASS,SECURITY_SHARECLASS,SECURITY,MARKED_FOR_INSERT,CDC,483
485,ENTRPT_SILVER,SECURITY_SHARECLASS,SECURITY_SHARECLASS,SECURITY,MARKED_FOR_UPDATE,CDC,483
486,ENTRPT_SILVER,SECURITY_SHARECLASS,SECURITY_SHARECLASS,SECURITY,MARKED_FOR_DELETE,CDC,
487,ENTRPT_SILVER,SECURITY_SHARECLASS,SECURITY_SHARECLASS,SECURITY,MARKED_FOR_SKIP,CDC,483
488,ENTRPT_SILVER,SECURITY_SHARECLASS,SECURITY_SHARECLASS,SECURITY,RECORDS_INSERTED,DML,484
489,ENTRPT_SILVER,SECURITY_SHARECLASS,SECURITY_SHARECLASS,SECURITY,RECORDS_UPDATED,DML,485
490,ENTRPT_SILVER,SECURITY_SHARECLASS,SECURITY_SHARECLASS,SECURITY,RECORDS_DELETED,DML,486
491,ENTRPT_SILVER,SECURITY_KEY_SHARECLASS,SECURITY_KEY_SHARECLASS,SECURITY_KEY,RECORDS_INSERTED,DML,484
492,ENTRPT_SILVER,SECURITY_DEAL_ACCOUNTING_SUMMARY_HGPS_BNY,SECURITY_DEAL_ACCOUNTING_SUMMARY_HGPS_BNY,SECURITY_DEAL_ACCOUNTING_SUMMARY,RECORDS_RECEIVED,COUNT,
493,ENTRPT_SILVER,SECURITY_DEAL_ACCOUNTING_SUMMARY_HGPS_BNY,SECURITY_DEAL_ACCOUNTING_SUMMARY_HGPS_BNY,SECURITY_DEAL_ACCOUNTING_SUMMARY,MARKED_FOR_INSERT,CDC,492
494,ENTRPT_SILVER,SECURITY_DEAL_ACCOUNTING_SUMMARY_HGPS_BNY,SECURITY_DEAL_ACCOUNTING_SUMMARY_HGPS_BNY,SECURITY_DEAL_ACCOUNTING_SUMMARY,MARKED_FOR_UPDATE,CDC,492
495,ENTRPT_SILVER,SECURITY_DEAL_ACCOUNTING_SUMMARY_HGPS_BNY,SECURITY_DEAL_ACCOUNTING_SUMMARY_HGPS_BNY,SECURITY_DEAL_ACCOUNTING_SUMMARY,MARKED_FOR_DELETE,CDC,
496,ENTRPT_SILVER,SECURITY_DEAL_ACCOUNTING_SUMMARY_HGPS_BNY,SECURITY_DEAL_ACCOUNTING_SUMMARY_HGPS_BNY,SECURITY_DEAL_ACCOUNTING_SUMMARY,MARKED_FOR_SKIP,CDC,492
497,ENTRPT_SILVER,SECURITY_DEAL_ACCOUNTING_SUMMARY_HGPS_BNY,SECURITY_DEAL_ACCOUNTING_SUMMARY_HGPS_BNY,SECURITY_DEAL_ACCOUNTING_SUMMARY,RECORDS_INSERTED,DML,493
498,ENTRPT_SILVER,SECURITY_DEAL_ACCOUNTING_SUMMARY_HGPS_BNY,SECURITY_DEAL_ACCOUNTING_SUMMARY_HGPS_BNY,SECURITY_DEAL_ACCOUNTING_SUMMARY,RECORDS_UPDATED,DML,494
499,ENTRPT_SILVER,SECURITY_DEAL_ACCOUNTING_SUMMARY_HGPS_BNY,SECURITY_DEAL_ACCOUNTING_SUMMARY_HGPS_BNY,SECURITY_DEAL_ACCOUNTING_SUMMARY,RECORDS_DELETED,DML,495
500,ENTRPT_SILVER,SECURITY_DEAL_ACCOUNTING_SUMMARY_HGPS_BNY,SECURITY_DEAL_ACCOUNTING_SUMMARY_KEY_HGPS_BNY,SECURITY_DEAL_ACCOUNTING_SUMMARY_KEY,RECORDS_INSERTED,DML,493
501,ENTRPT_BRONZE,HGPS_IRR_DATA_LOAD,IRR_EXCEL_PARSER,IRR_EXCEL_FILES,FILES_RECEIVED,COUNT,
502,ENTRPT_BRONZE,HGPS_IRR_DATA_LOAD,IRR_EXCEL_PARSER,IRR_EXCEL_FILES,FILES_SUCCESS,COUNT,501
503,ENTRPT_BRONZE,HGPS_IRR_DATA_LOAD,IRR_EXCEL_PARSER,IRR_EXCEL_FILES,FILES_FAILED,COUNT,501
504,ENTRPT_BRONZE,HGPS_IRR_DATA_LOAD,IRR_EXCEL_PARSER,IRR_EXCEL_FILES,RECORDS_PARSED,COUNT,
505,ENTRPT_BRONZE,HGPS_PERFORMANCE_IRR_BNY,HGPS_PERFORMANCE_IRR_BNY,HGPS_PERFORMANCE_IRR_BNY,RECORDS_DELETED,COUNT,
506,ENTRPT_BRONZE,HGPS_PERFORMANCE_IRR_BNY,HGPS_PERFORMANCE_IRR_BNY,HGPS_PERFORMANCE_IRR_BNY,RECORDS_INSERTED,COUNT,
507,ENTRPT_BRONZE,HGPS_TVPI_DATA_LOAD,TVPI_EXCEL_PARSER,TVPI_EXCEL_FILES,FILES_RECEIVED,COUNT,
508,ENTRPT_BRONZE,HGPS_TVPI_DATA_LOAD,TVPI_EXCEL_PARSER,TVPI_EXCEL_FILES,FILES_SUCCESS,COUNT,507
509,ENTRPT_BRONZE,HGPS_TVPI_DATA_LOAD,TVPI_EXCEL_PARSER,TVPI_EXCEL_FILES,FILES_FAILED,COUNT,507
510,ENTRPT_BRONZE,HGPS_TVPI_DATA_LOAD,TVPI_EXCEL_PARSER,TVPI_EXCEL_FILES,RECORDS_PARSED,COUNT,
511,ENTRPT_BRONZE,HGPS_PERFORMANCE_TVPI_DPI_BNY,HGPS_PERFORMANCE_TVPI_DPI_BNY,HGPS_PERFORMANCE_TVPI_DPI_BNY,RECORDS_DELETED,COUNT,
512,ENTRPT_BRONZE,HGPS_PERFORMANCE_TVPI_DPI_BNY,HGPS_PERFORMANCE_TVPI_DPI_BNY,HGPS_PERFORMANCE_TVPI_DPI_BNY,RECORDS_INSERTED,COUNT,
513,ENTRPT_BRONZE,HGPS_DIRECT_DEALS_DATA_LOAD,DIRECT_DEALS_EXCEL_PARSER,DIRECT_DEALS_EXCEL_FILES,FILES_RECEIVED,COUNT,
514,ENTRPT_BRONZE,HGPS_DIRECT_DEALS_DATA_LOAD,DIRECT_DEALS_EXCEL_PARSER,DIRECT_DEALS_EXCEL_FILES,FILES_SUCCESS,COUNT,513
515,ENTRPT_BRONZE,HGPS_DIRECT_DEALS_DATA_LOAD,DIRECT_DEALS_EXCEL_PARSER,DIRECT_DEALS_EXCEL_FILES,FILES_FAILED,COUNT,513
516,ENTRPT_BRONZE,HGPS_DIRECT_DEALS_DATA_LOAD,DIRECT_DEALS_EXCEL_PARSER,DIRECT_DEALS_EXCEL_FILES,RECORDS_PARSED,COUNT,
517,ENTRPT_BRONZE,HGPS_ADDITOINAL_REPORT_ELEMENTS_DIRECT,HGPS_ADDITOINAL_REPORT_ELEMENTS_DIRECT,HGPS_ADDITOINAL_REPORT_ELEMENTS_DIRECT,RECORDS_DELETED,COUNT,
518,ENTRPT_BRONZE,HGPS_ADDITOINAL_REPORT_ELEMENTS_DIRECT,HGPS_ADDITOINAL_REPORT_ELEMENTS_DIRECT,HGPS_ADDITOINAL_REPORT_ELEMENTS_DIRECT,RECORDS_INSERTED,COUNT,
519,ENTRPT_SILVER,SECURITY_DEAL_VALUATION_HGPS_BNY,SECURITY_DEAL_VALUATION_HGPS_BNY,SECURITY_DEAL_VALUATION,RECORDS_RECEIVED,COUNT,
520,ENTRPT_SILVER,SECURITY_DEAL_VALUATION_HGPS_BNY,SECURITY_DEAL_VALUATION_HGPS_BNY,SECURITY_DEAL_VALUATION,MARKED_FOR_INSERT,CDC,519
521,ENTRPT_SILVER,SECURITY_DEAL_VALUATION_HGPS_BNY,SECURITY_DEAL_VALUATION_HGPS_BNY,SECURITY_DEAL_VALUATION,MARKED_FOR_UPDATE,CDC,519
522,ENTRPT_SILVER,SECURITY_DEAL_VALUATION_HGPS_BNY,SECURITY_DEAL_VALUATION_HGPS_BNY,SECURITY_DEAL_VALUATION,MARKED_FOR_DELETE,CDC,
523,ENTRPT_SILVER,SECURITY_DEAL_VALUATION_HGPS_BNY,SECURITY_DEAL_VALUATION_HGPS_BNY,SECURITY_DEAL_VALUATION,MARKED_FOR_SKIP,CDC,519
524,ENTRPT_SILVER,SECURITY_DEAL_VALUATION_HGPS_BNY,SECURITY_DEAL_VALUATION_HGPS_BNY,SECURITY_DEAL_VALUATION,RECORDS_INSERTED,DML,520
525,ENTRPT_SILVER,SECURITY_DEAL_VALUATION_HGPS_BNY,SECURITY_DEAL_VALUATION_HGPS_BNY,SECURITY_DEAL_VALUATION,RECORDS_UPDATED,DML,521
526,ENTRPT_SILVER,SECURITY_DEAL_VALUATION_HGPS_BNY,SECURITY_DEAL_VALUATION_HGPS_BNY,SECURITY_DEAL_VALUATION,RECORDS_DELETED,DML,522
527,ENTRPT_SILVER,SECURITY_DEAL_VALUATION_HGPS_BNY,SECURITY_DEAL_VALUATION_KEY_HGPS_BNY,SECURITY_DEAL_VALUATION_KEY,RECORDS_INSERTED,DML,520
528,ENTRPT_GOLD,SECURITY_MTL,SECURITY_MTL,SECURITY_MTL,RECORDS_EXPECTED,COUNT,
529,ENTRPT_GOLD,SECURITY_MTL,SECURITY_MTL,SECURITY_MTL,RECORDS_FOUND,COUNT,528
530,ENTRPT_GOLD,SECURITY_MTL,SECURITY_MTL,SECURITY_MTL,RECORDS_INSERTED,COUNT,529
531,ENTRPT_GOLD,DEAL_MTL,DEAL_MTL,DEAL_MTL,RECORDS_EXPECTED,COUNT,
532,ENTRPT_GOLD,DEAL_MTL,DEAL_MTL,DEAL_MTL,RECORDS_FOUND,COUNT,531
533,ENTRPT_GOLD,DEAL_MTL,DEAL_MTL,DEAL_MTL,RECORDS_INSERTED,COUNT,532
534,ENTRPT_GOLD,SECURITY_DEAL_ACCOUNTING_SUMMARY_MTL,SECURITY_DEAL_ACCOUNTING_SUMMARY_MTL,SECURITY_DEAL_ACCOUNTING_SUMMARY_MTL,RECORDS_EXPECTED,COUNT,
535,ENTRPT_GOLD,SECURITY_DEAL_ACCOUNTING_SUMMARY_MTL,SECURITY_DEAL_ACCOUNTING_SUMMARY_MTL,SECURITY_DEAL_ACCOUNTING_SUMMARY_MTL,RECORDS_FOUND,COUNT,534
536,ENTRPT_GOLD,SECURITY_DEAL_ACCOUNTING_SUMMARY_MTL,SECURITY_DEAL_ACCOUNTING_SUMMARY_MTL,SECURITY_DEAL_ACCOUNTING_SUMMARY_MTL,RECORDS_INSERTED,COUNT,535
537,ENTRPT_GOLD,SECURITY_DEAL_VALUATION_MTL,SECURITY_DEAL_VALUATION_MTL,SECURITY_DEAL_VALUATION_MTL,RECORDS_EXPECTED,COUNT,
538,ENTRPT_GOLD,SECURITY_DEAL_VALUATION_MTL,SECURITY_DEAL_VALUATION_MTL,SECURITY_DEAL_VALUATION_MTL,RECORDS_FOUND,COUNT,537
539,ENTRPT_GOLD,SECURITY_DEAL_VALUATION_MTL,SECURITY_DEAL_VALUATION_MTL,SECURITY_DEAL_VALUATION_MTL,RECORDS_INSERTED,COUNT,538
540,ENTRPT_SILVER,SECURITY_ACCOUNTING_SUMMARY_HGPS_BNY,SECURITY_ACCOUNTING_SUMMARY_HGPS_BNY,SECURITY_ACCOUNTING_SUMMARY,RECORDS_RECEIVED,COUNT,
541,ENTRPT_SILVER,SECURITY_ACCOUNTING_SUMMARY_HGPS_BNY,SECURITY_ACCOUNTING_SUMMARY_HGPS_BNY,SECURITY_ACCOUNTING_SUMMARY,MARKED_FOR_INSERT,CDC,540
542,ENTRPT_SILVER,SECURITY_ACCOUNTING_SUMMARY_HGPS_BNY,SECURITY_ACCOUNTING_SUMMARY_HGPS_BNY,SECURITY_ACCOUNTING_SUMMARY,MARKED_FOR_UPDATE,CDC,540
543,ENTRPT_SILVER,SECURITY_ACCOUNTING_SUMMARY_HGPS_BNY,SECURITY_ACCOUNTING_SUMMARY_HGPS_BNY,SECURITY_ACCOUNTING_SUMMARY,MARKED_FOR_DELETE,CDC,
544,ENTRPT_SILVER,SECURITY_ACCOUNTING_SUMMARY_HGPS_BNY,SECURITY_ACCOUNTING_SUMMARY_HGPS_BNY,SECURITY_ACCOUNTING_SUMMARY,MARKED_FOR_SKIP,CDC,540
545,ENTRPT_SILVER,SECURITY_ACCOUNTING_SUMMARY_HGPS_BNY,SECURITY_ACCOUNTING_SUMMARY_HGPS_BNY,SECURITY_ACCOUNTING_SUMMARY,RECORDS_INSERTED,DML,541
546,ENTRPT_SILVER,SECURITY_ACCOUNTING_SUMMARY_HGPS_BNY,SECURITY_ACCOUNTING_SUMMARY_HGPS_BNY,SECURITY_ACCOUNTING_SUMMARY,RECORDS_UPDATED,DML,542
547,ENTRPT_SILVER,SECURITY_ACCOUNTING_SUMMARY_HGPS_BNY,SECURITY_ACCOUNTING_SUMMARY_HGPS_BNY,SECURITY_ACCOUNTING_SUMMARY,RECORDS_DELETED,DML,543
548,ENTRPT_SILVER,SECURITY_ACCOUNTING_SUMMARY_HGPS_BNY,SECURITY_ACCOUNTING_SUMMARY_KEY_HGPS_BNY,SECURITY_ACCOUNTING_SUMMARY_KEY,RECORDS_INSERTED,DML,541
549,ENTRPT_SILVER,METRIC_VARIANT,METRIC_VARIANT,METRIC_VARIANT,RECORDS_RECEIVED,COUNT,
550,ENTRPT_SILVER,METRIC_VARIANT,METRIC_VARIANT,METRIC_VARIANT,MARKED_FOR_INSERT,CDC,549
551,ENTRPT_SILVER,METRIC_VARIANT,METRIC_VARIANT,METRIC_VARIANT,MARKED_FOR_UPDATE,CDC,549
552,ENTRPT_SILVER,METRIC_VARIANT,METRIC_VARIANT,METRIC_VARIANT,MARKED_FOR_DELETE,CDC,
553,ENTRPT_SILVER,METRIC_VARIANT,METRIC_VARIANT,METRIC_VARIANT,MARKED_FOR_SKIP,CDC,549
554,ENTRPT_SILVER,METRIC_VARIANT,METRIC_VARIANT,METRIC_VARIANT,RECORDS_INSERTED,DML,550
555,ENTRPT_SILVER,METRIC_VARIANT,METRIC_VARIANT,METRIC_VARIANT,RECORDS_UPDATED,DML,551
556,ENTRPT_SILVER,METRIC_VARIANT,METRIC_VARIANT,METRIC_VARIANT,RECORDS_DELETED,DML,552
557,ENTRPT_SILVER,METRIC_VARIANT,METRIC_VARIANT_KEY,METRIC_VARIANT_KEY,RECORDS_INSERTED,DML,550
558,ENTRPT_SILVER,SECURITY_DEAL_PERFORMANCE_HGPS_BNY,SECURITY_DEAL_PERFORMANCE_HGPS_BNY,SECURITY_DEAL_PERFORMANCE,RECORDS_RECEIVED,COUNT,
559,ENTRPT_SILVER,SECURITY_DEAL_PERFORMANCE_HGPS_BNY,SECURITY_DEAL_PERFORMANCE_HGPS_BNY,SECURITY_DEAL_PERFORMANCE,MARKED_FOR_INSERT,CDC,558
560,ENTRPT_SILVER,SECURITY_DEAL_PERFORMANCE_HGPS_BNY,SECURITY_DEAL_PERFORMANCE_HGPS_BNY,SECURITY_DEAL_PERFORMANCE,MARKED_FOR_UPDATE,CDC,558
561,ENTRPT_SILVER,SECURITY_DEAL_PERFORMANCE_HGPS_BNY,SECURITY_DEAL_PERFORMANCE_HGPS_BNY,SECURITY_DEAL_PERFORMANCE,MARKED_FOR_DELETE,CDC,
562,ENTRPT_SILVER,SECURITY_DEAL_PERFORMANCE_HGPS_BNY,SECURITY_DEAL_PERFORMANCE_HGPS_BNY,SECURITY_DEAL_PERFORMANCE,MARKED_FOR_SKIP,CDC,558
563,ENTRPT_SILVER,SECURITY_DEAL_PERFORMANCE_HGPS_BNY,SECURITY_DEAL_PERFORMANCE_HGPS_BNY,SECURITY_DEAL_PERFORMANCE,RECORDS_INSERTED,DML,559
564,ENTRPT_SILVER,SECURITY_DEAL_PERFORMANCE_HGPS_BNY,SECURITY_DEAL_PERFORMANCE_HGPS_BNY,SECURITY_DEAL_PERFORMANCE,RECORDS_UPDATED,DML,560
565,ENTRPT_SILVER,SECURITY_DEAL_PERFORMANCE_HGPS_BNY,SECURITY_DEAL_PERFORMANCE_HGPS_BNY,SECURITY_DEAL_PERFORMANCE,RECORDS_DELETED,DML,561
566,ENTRPT_SILVER,SECURITY_DEAL_PERFORMANCE_HGPS_BNY,SECURITY_DEAL_PERFORMANCE_KEY_HGPS_BNY,SECURITY_DEAL_PERFORMANCE_KEY,RECORDS_INSERTED,DML,559
567,ENTRPT_SILVER,SECURITY_PERFORMANCE_HGPS_BNY,SECURITY_PERFORMANCE_HGPS_BNY,SECURITY_PERFORMANCE,RECORDS_RECEIVED,COUNT,
568,ENTRPT_SILVER,SECURITY_PERFORMANCE_HGPS_BNY,SECURITY_PERFORMANCE_HGPS_BNY,SECURITY_PERFORMANCE,MARKED_FOR_INSERT,CDC,567
569,ENTRPT_SILVER,SECURITY_PERFORMANCE_HGPS_BNY,SECURITY_PERFORMANCE_HGPS_BNY,SECURITY_PERFORMANCE,MARKED_FOR_UPDATE,CDC,567
570,ENTRPT_SILVER,SECURITY_PERFORMANCE_HGPS_BNY,SECURITY_PERFORMANCE_HGPS_BNY,SECURITY_PERFORMANCE,MARKED_FOR_DELETE,CDC,
571,ENTRPT_SILVER,SECURITY_PERFORMANCE_HGPS_BNY,SECURITY_PERFORMANCE_HGPS_BNY,SECURITY_PERFORMANCE,MARKED_FOR_SKIP,CDC,567
572,ENTRPT_SILVER,SECURITY_PERFORMANCE_HGPS_BNY,SECURITY_PERFORMANCE_HGPS_BNY,SECURITY_PERFORMANCE,RECORDS_INSERTED,DML,568
573,ENTRPT_SILVER,SECURITY_PERFORMANCE_HGPS_BNY,SECURITY_PERFORMANCE_HGPS_BNY,SECURITY_PERFORMANCE,RECORDS_UPDATED,DML,569
574,ENTRPT_SILVER,SECURITY_PERFORMANCE_HGPS_BNY,SECURITY_PERFORMANCE_HGPS_BNY,SECURITY_PERFORMANCE,RECORDS_DELETED,DML,570
575,ENTRPT_SILVER,SECURITY_PERFORMANCE_HGPS_BNY,SECURITY_PERFORMANCE_KEY_HGPS_BNY,SECURITY_PERFORMANCE_KEY,RECORDS_INSERTED,DML,568
576,ENTRPT_SILVER,SECURITY_VALUATION_SHARECLASS_HGPS_BNY,SECURITY_VALUATION_SHARECLASS_HGPS_BNY,SECURITY_VALUATION,RECORDS_RECEIVED,COUNT,
577,ENTRPT_SILVER,SECURITY_VALUATION_SHARECLASS_HGPS_BNY,SECURITY_VALUATION_SHARECLASS_HGPS_BNY,SECURITY_VALUATION,MARKED_FOR_INSERT,CDC,576
578,ENTRPT_SILVER,SECURITY_VALUATION_SHARECLASS_HGPS_BNY,SECURITY_VALUATION_SHARECLASS_HGPS_BNY,SECURITY_VALUATION,MARKED_FOR_UPDATE,CDC,576
579,ENTRPT_SILVER,SECURITY_VALUATION_SHARECLASS_HGPS_BNY,SECURITY_VALUATION_SHARECLASS_HGPS_BNY,SECURITY_VALUATION,MARKED_FOR_DELETE,CDC,
580,ENTRPT_SILVER,SECURITY_VALUATION_SHARECLASS_HGPS_BNY,SECURITY_VALUATION_SHARECLASS_HGPS_BNY,SECURITY_VALUATION,MARKED_FOR_SKIP,CDC,576
581,ENTRPT_SILVER,SECURITY_VALUATION_SHARECLASS_HGPS_BNY,SECURITY_VALUATION_SHARECLASS_HGPS_BNY,SECURITY_VALUATION,RECORDS_INSERTED,DML,577
582,ENTRPT_SILVER,SECURITY_VALUATION_SHARECLASS_HGPS_BNY,SECURITY_VALUATION_SHARECLASS_HGPS_BNY,SECURITY_VALUATION,RECORDS_UPDATED,DML,578
583,ENTRPT_SILVER,SECURITY_VALUATION_SHARECLASS_HGPS_BNY,SECURITY_VALUATION_SHARECLASS_HGPS_BNY,SECURITY_VALUATION,RECORDS_DELETED,DML,579
584,ENTRPT_SILVER,SECURITY_VALUATION_SHARECLASS_HGPS_BNY,SECURITY_VALUATION_KEY_SHARECLASS_HGPS_BNY,SECURITY_VALUATION_KEY,RECORDS_INSERTED,DML,577
585,ENTRPT_GOLD,SECURITY_DEAL_PERFORMANCE_MTL,SECURITY_DEAL_PERFORMANCE_MTL,SECURITY_DEAL_PERFORMANCE_MTL,RECORDS_EXPECTED,COUNT,
586,ENTRPT_GOLD,SECURITY_DEAL_PERFORMANCE_MTL,SECURITY_DEAL_PERFORMANCE_MTL,SECURITY_DEAL_PERFORMANCE_MTL,RECORDS_FOUND,COUNT,585
587,ENTRPT_GOLD,SECURITY_DEAL_PERFORMANCE_MTL,SECURITY_DEAL_PERFORMANCE_MTL,SECURITY_DEAL_PERFORMANCE_MTL,RECORDS_INSERTED,COUNT,586
588,ENTRPT_GOLD,SECURITY_PERFORMANCE_MTL,SECURITY_PERFORMANCE_MTL,SECURITY_PERFORMANCE_MTL,RECORDS_EXPECTED,COUNT,
589,ENTRPT_GOLD,SECURITY_PERFORMANCE_MTL,SECURITY_PERFORMANCE_MTL,SECURITY_PERFORMANCE_MTL,RECORDS_FOUND,COUNT,588
590,ENTRPT_GOLD,SECURITY_PERFORMANCE_MTL,SECURITY_PERFORMANCE_MTL,SECURITY_PERFORMANCE_MTL,RECORDS_INSERTED,COUNT,589
591,ENTRPT_GOLD,SECURITY_ACCOUNTING_SUMMARY_MTL,SECURITY_ACCOUNTING_SUMMARY_MTL,SECURITY_ACCOUNTING_SUMMARY_MTL,RECORDS_EXPECTED,COUNT,
592,ENTRPT_GOLD,SECURITY_ACCOUNTING_SUMMARY_MTL,SECURITY_ACCOUNTING_SUMMARY_MTL,SECURITY_ACCOUNTING_SUMMARY_MTL,RECORDS_FOUND,COUNT,591
593,ENTRPT_GOLD,SECURITY_ACCOUNTING_SUMMARY_MTL,SECURITY_ACCOUNTING_SUMMARY_MTL,SECURITY_ACCOUNTING_SUMMARY_MTL,RECORDS_INSERTED,COUNT,592
594,ENTRPT_GOLD,SECURITY_VALUATION_MTL,SECURITY_VALUATION_MTL,SECURITY_VALUATION_MTL,RECORDS_EXPECTED,COUNT,
595,ENTRPT_GOLD,SECURITY_VALUATION_MTL,SECURITY_VALUATION_MTL,SECURITY_VALUATION_MTL,RECORDS_FOUND,COUNT,594
596,ENTRPT_GOLD,SECURITY_VALUATION_MTL,SECURITY_VALUATION_MTL,SECURITY_VALUATION_MTL,RECORDS_INSERTED,COUNT,595
597,ENTRPT_SILVER,SECTOR,SECTOR,SECTOR,RECORDS_RECEIVED,COUNT,
598,ENTRPT_SILVER,SECTOR,SECTOR,SECTOR,MARKED_FOR_INSERT,CDC,597
599,ENTRPT_SILVER,SECTOR,SECTOR,SECTOR,MARKED_FOR_UPDATE,CDC,597
600,ENTRPT_SILVER,SECTOR,SECTOR,SECTOR,MARKED_FOR_DELETE,CDC,
601,ENTRPT_SILVER,SECTOR,SECTOR,SECTOR,MARKED_FOR_SKIP,CDC,597
602,ENTRPT_SILVER,SECTOR,SECTOR,SECTOR,RECORDS_INSERTED,DML,598
603,ENTRPT_SILVER,SECTOR,SECTOR,SECTOR,RECORDS_UPDATED,DML,599
604,ENTRPT_SILVER,SECTOR,SECTOR,SECTOR,RECORDS_DELETED,DML,600
605,ENTRPT_SILVER,SECTOR,SECTOR_KEY,SECTOR_KEY,RECORDS_INSERTED,DML,598
606,ENTRPT_SILVER,INDUSTRY_GROUP,INDUSTRY_GROUP,INDUSTRY_GROUP,RECORDS_RECEIVED,COUNT,
607,ENTRPT_SILVER,INDUSTRY_GROUP,INDUSTRY_GROUP,INDUSTRY_GROUP,MARKED_FOR_INSERT,CDC,606
608,ENTRPT_SILVER,INDUSTRY_GROUP,INDUSTRY_GROUP,INDUSTRY_GROUP,MARKED_FOR_UPDATE,CDC,606
609,ENTRPT_SILVER,INDUSTRY_GROUP,INDUSTRY_GROUP,INDUSTRY_GROUP,MARKED_FOR_DELETE,CDC,
610,ENTRPT_SILVER,INDUSTRY_GROUP,INDUSTRY_GROUP,INDUSTRY_GROUP,MARKED_FOR_SKIP,CDC,606
611,ENTRPT_SILVER,INDUSTRY_GROUP,INDUSTRY_GROUP,INDUSTRY_GROUP,RECORDS_INSERTED,DML,607
612,ENTRPT_SILVER,INDUSTRY_GROUP,INDUSTRY_GROUP,INDUSTRY_GROUP,RECORDS_UPDATED,DML,608
613,ENTRPT_SILVER,INDUSTRY_GROUP,INDUSTRY_GROUP,INDUSTRY_GROUP,RECORDS_DELETED,DML,609
614,ENTRPT_SILVER,INDUSTRY_GROUP,INDUSTRY_GROUP_KEY,INDUSTRY_GROUP_KEY,RECORDS_INSERTED,DML,607
615,ENTRPT_SILVER,INDUSTRY,INDUSTRY,INDUSTRY,RECORDS_RECEIVED,COUNT,
616,ENTRPT_SILVER,INDUSTRY,INDUSTRY,INDUSTRY,MARKED_FOR_INSERT,CDC,615
617,ENTRPT_SILVER,INDUSTRY,INDUSTRY,INDUSTRY,MARKED_FOR_UPDATE,CDC,615
618,ENTRPT_SILVER,INDUSTRY,INDUSTRY,INDUSTRY,MARKED_FOR_DELETE,CDC,
619,ENTRPT_SILVER,INDUSTRY,INDUSTRY,INDUSTRY,MARKED_FOR_SKIP,CDC,615
620,ENTRPT_SILVER,INDUSTRY,INDUSTRY,INDUSTRY,RECORDS_INSERTED,DML,616
621,ENTRPT_SILVER,INDUSTRY,INDUSTRY,INDUSTRY,RECORDS_UPDATED,DML,617
622,ENTRPT_SILVER,INDUSTRY,INDUSTRY,INDUSTRY,RECORDS_DELETED,DML,618
623,ENTRPT_SILVER,INDUSTRY,INDUSTRY_KEY,INDUSTRY_KEY,RECORDS_INSERTED,DML,616
624,ENTRPT_SILVER,SUB_INDUSTRY,SUB_INDUSTRY,SUB_INDUSTRY,RECORDS_RECEIVED,COUNT,
625,ENTRPT_SILVER,SUB_INDUSTRY,SUB_INDUSTRY,SUB_INDUSTRY,MARKED_FOR_INSERT,CDC,624
626,ENTRPT_SILVER,SUB_INDUSTRY,SUB_INDUSTRY,SUB_INDUSTRY,MARKED_FOR_UPDATE,CDC,624
627,ENTRPT_SILVER,SUB_INDUSTRY,SUB_INDUSTRY,SUB_INDUSTRY,MARKED_FOR_DELETE,CDC,
628,ENTRPT_SILVER,SUB_INDUSTRY,SUB_INDUSTRY,SUB_INDUSTRY,MARKED_FOR_SKIP,CDC,624
629,ENTRPT_SILVER,SUB_INDUSTRY,SUB_INDUSTRY,SUB_INDUSTRY,RECORDS_INSERTED,DML,625
630,ENTRPT_SILVER,SUB_INDUSTRY,SUB_INDUSTRY,SUB_INDUSTRY,RECORDS_UPDATED,DML,626
631,ENTRPT_SILVER,SUB_INDUSTRY,SUB_INDUSTRY,SUB_INDUSTRY,RECORDS_DELETED,DML,627
632,ENTRPT_SILVER,SUB_INDUSTRY,SUB_INDUSTRY_KEY,SUB_INDUSTRY_KEY,RECORDS_INSERTED,DML,625
633,ENTRPT_SILVER,COMPANY_HVW,COMPANY_HVW,COMPANY,RECORDS_RECEIVED,COUNT,
634,ENTRPT_SILVER,COMPANY_HVW,COMPANY_HVW,COMPANY,MARKED_FOR_INSERT,CDC,633
635,ENTRPT_SILVER,COMPANY_HVW,COMPANY_HVW,COMPANY,MARKED_FOR_UPDATE,CDC,633
636,ENTRPT_SILVER,COMPANY_HVW,COMPANY_HVW,COMPANY,MARKED_FOR_DELETE,CDC,
637,ENTRPT_SILVER,COMPANY_HVW,COMPANY_HVW,COMPANY,MARKED_FOR_SKIP,CDC,633
638,ENTRPT_SILVER,COMPANY_HVW,COMPANY_HVW,COMPANY,RECORDS_INSERTED,DML,634
639,ENTRPT_SILVER,COMPANY_HVW,COMPANY_HVW,COMPANY,RECORDS_UPDATED,DML,635
640,ENTRPT_SILVER,COMPANY_HVW,COMPANY_HVW,COMPANY,RECORDS_DELETED,DML,636
641,ENTRPT_SILVER,COMPANY_HVW,COMPANY_KEY_HVW,COMPANY_KEY,RECORDS_INSERTED,DML,634
642,ENTRPT_SILVER,SECURITY_VALUATION_FUND_HGPS_BNY,SECURITY_VALUATION_FUND_HGPS_BNY,SECURITY_VALUATION,RECORDS_RECEIVED,COUNT,
643,ENTRPT_SILVER,SECURITY_VALUATION_FUND_HGPS_BNY,SECURITY_VALUATION_FUND_HGPS_BNY,SECURITY_VALUATION,MARKED_FOR_INSERT,CDC,642
644,ENTRPT_SILVER,SECURITY_VALUATION_FUND_HGPS_BNY,SECURITY_VALUATION_FUND_HGPS_BNY,SECURITY_VALUATION,MARKED_FOR_UPDATE,CDC,642
645,ENTRPT_SILVER,SECURITY_VALUATION_FUND_HGPS_BNY,SECURITY_VALUATION_FUND_HGPS_BNY,SECURITY_VALUATION,MARKED_FOR_DELETE,CDC,
646,ENTRPT_SILVER,SECURITY_VALUATION_FUND_HGPS_BNY,SECURITY_VALUATION_FUND_HGPS_BNY,SECURITY_VALUATION,MARKED_FOR_SKIP,CDC,642
647,ENTRPT_SILVER,SECURITY_VALUATION_FUND_HGPS_BNY,SECURITY_VALUATION_FUND_HGPS_BNY,SECURITY_VALUATION,RECORDS_INSERTED,DML,643
648,ENTRPT_SILVER,SECURITY_VALUATION_FUND_HGPS_BNY,SECURITY_VALUATION_FUND_HGPS_BNY,SECURITY_VALUATION,RECORDS_UPDATED,DML,644
649,ENTRPT_SILVER,SECURITY_VALUATION_FUND_HGPS_BNY,SECURITY_VALUATION_FUND_HGPS_BNY,SECURITY_VALUATION,RECORDS_DELETED,DML,645
650,ENTRPT_SILVER,SECURITY_VALUATION_FUND_HGPS_BNY,SECURITY_VALUATION_KEY_FUND_HGPS_BNY,SECURITY_VALUATION_KEY,RECORDS_INSERTED,DML,643
651,ENTRPT_SILVER,MANAGER_HVW,MANAGER_HVW,MANAGER,RECORDS_RECEIVED,COUNT,
652,ENTRPT_SILVER,MANAGER_HVW,MANAGER_HVW,MANAGER,MARKED_FOR_INSERT,CDC,651
653,ENTRPT_SILVER,MANAGER_HVW,MANAGER_HVW,MANAGER,MARKED_FOR_UPDATE,CDC,651
654,ENTRPT_SILVER,MANAGER_HVW,MANAGER_HVW,MANAGER,MARKED_FOR_DELETE,CDC,
655,ENTRPT_SILVER,MANAGER_HVW,MANAGER_HVW,MANAGER,MARKED_FOR_SKIP,CDC,651
656,ENTRPT_SILVER,MANAGER_HVW,MANAGER_HVW,MANAGER,RECORDS_INSERTED,DML,652
657,ENTRPT_SILVER,MANAGER_HVW,MANAGER_HVW,MANAGER,RECORDS_UPDATED,DML,653
658,ENTRPT_SILVER,MANAGER_HVW,MANAGER_HVW,MANAGER,RECORDS_DELETED,DML,654
659,ENTRPT_SILVER,MANAGER_HVW,MANAGER_KEY_HVW,MANAGER_KEY,RECORDS_INSERTED,DML,652
660,ENTRPT_SILVER,COMPANY_MANAGER_XREF_HVW,COMPANY_MANAGER_XREF_HVW,COMPANY_MANAGER_XREF,RECORDS_RECEIVED,COUNT,
661,ENTRPT_SILVER,COMPANY_MANAGER_XREF_HVW,COMPANY_MANAGER_XREF_HVW,COMPANY_MANAGER_XREF,MARKED_FOR_INSERT,CDC,660
662,ENTRPT_SILVER,COMPANY_MANAGER_XREF_HVW,COMPANY_MANAGER_XREF_HVW,COMPANY_MANAGER_XREF,MARKED_FOR_UPDATE,CDC,660
663,ENTRPT_SILVER,COMPANY_MANAGER_XREF_HVW,COMPANY_MANAGER_XREF_HVW,COMPANY_MANAGER_XREF,MARKED_FOR_DELETE,CDC,
664,ENTRPT_SILVER,COMPANY_MANAGER_XREF_HVW,COMPANY_MANAGER_XREF_HVW,COMPANY_MANAGER_XREF,MARKED_FOR_SKIP,CDC,660
665,ENTRPT_SILVER,COMPANY_MANAGER_XREF_HVW,COMPANY_MANAGER_XREF_HVW,COMPANY_MANAGER_XREF,RECORDS_INSERTED,DML,661
666,ENTRPT_SILVER,COMPANY_MANAGER_XREF_HVW,COMPANY_MANAGER_XREF_HVW,COMPANY_MANAGER_XREF,RECORDS_UPDATED,DML,662
667,ENTRPT_SILVER,COMPANY_MANAGER_XREF_HVW,COMPANY_MANAGER_XREF_HVW,COMPANY_MANAGER_XREF,RECORDS_DELETED,DML,663
668,ENTRPT_SILVER,COMPANY_MANAGER_XREF_HVW,COMPANY_MANAGER_XREF_KEY_HVW,COMPANY_MANAGER_XREF_KEY,RECORDS_INSERTED,DML,661
669,ENTRPT_SILVER,SECURITY_EXPOSURE_SUMMARY,SECURITY_EXPOSURE_SUMMARY,SECURITY_EXPOSURE_SUMMARY,RECORDS_RECEIVED,COUNT,
670,ENTRPT_SILVER,SECURITY_EXPOSURE_SUMMARY,SECURITY_EXPOSURE_SUMMARY,SECURITY_EXPOSURE_SUMMARY,MARKED_FOR_INSERT,CDC,669
671,ENTRPT_SILVER,SECURITY_EXPOSURE_SUMMARY,SECURITY_EXPOSURE_SUMMARY,SECURITY_EXPOSURE_SUMMARY,MARKED_FOR_UPDATE,CDC,669
672,ENTRPT_SILVER,SECURITY_EXPOSURE_SUMMARY,SECURITY_EXPOSURE_SUMMARY,SECURITY_EXPOSURE_SUMMARY,MARKED_FOR_DELETE,CDC,
673,ENTRPT_SILVER,SECURITY_EXPOSURE_SUMMARY,SECURITY_EXPOSURE_SUMMARY,SECURITY_EXPOSURE_SUMMARY,MARKED_FOR_SKIP,CDC,669
674,ENTRPT_SILVER,SECURITY_EXPOSURE_SUMMARY,SECURITY_EXPOSURE_SUMMARY,SECURITY_EXPOSURE_SUMMARY,RECORDS_INSERTED,DML,670
675,ENTRPT_SILVER,SECURITY_EXPOSURE_SUMMARY,SECURITY_EXPOSURE_SUMMARY,SECURITY_EXPOSURE_SUMMARY,RECORDS_UPDATED,DML,671
676,ENTRPT_SILVER,SECURITY_EXPOSURE_SUMMARY,SECURITY_EXPOSURE_SUMMARY,SECURITY_EXPOSURE_SUMMARY,RECORDS_DELETED,DML,672
677,ENTRPT_SILVER,SECURITY_EXPOSURE_SUMMARY,SECURITY_EXPOSURE_SUMMARY_KEY,SECURITY_EXPOSURE_SUMMARY_KEY,RECORDS_INSERTED,DML,670
678,ENTRPT_GOLD,COMPANY_MTL,COMPANY_MTL,COMPANY_MTL,RECORDS_EXPECTED,COUNT,
679,ENTRPT_GOLD,COMPANY_MTL,COMPANY_MTL,COMPANY_MTL,RECORDS_FOUND,COUNT,678
680,ENTRPT_GOLD,COMPANY_MTL,COMPANY_MTL,COMPANY_MTL,RECORDS_INSERTED,COUNT,679
681,ENTRPT_GOLD,SHARECLASS_MTL,SHARECLASS_MTL,SHARECLASS_MTL,RECORDS_EXPECTED,COUNT,
682,ENTRPT_GOLD,SHARECLASS_MTL,SHARECLASS_MTL,SHARECLASS_MTL,RECORDS_FOUND,COUNT,681
683,ENTRPT_GOLD,SHARECLASS_MTL,SHARECLASS_MTL,SHARECLASS_MTL,RECORDS_INSERTED,COUNT,682
684,ENTRPT_SILVER,SECURITY_PERFORMANCE_HISTORY_HGPS_BNY,SECURITY_PERFORMANCE_HISTORY_HGPS_BNY,SECURITY_PERFORMANCE,RECORDS_RECEIVED,COUNT,
685,ENTRPT_SILVER,SECURITY_PERFORMANCE_HISTORY_HGPS_BNY,SECURITY_PERFORMANCE_HISTORY_HGPS_BNY,SECURITY_PERFORMANCE,MARKED_FOR_INSERT,CDC,684
686,ENTRPT_SILVER,SECURITY_PERFORMANCE_HISTORY_HGPS_BNY,SECURITY_PERFORMANCE_HISTORY_HGPS_BNY,SECURITY_PERFORMANCE,MARKED_FOR_UPDATE,CDC,684
687,ENTRPT_SILVER,SECURITY_PERFORMANCE_HISTORY_HGPS_BNY,SECURITY_PERFORMANCE_HISTORY_HGPS_BNY,SECURITY_PERFORMANCE,MARKED_FOR_DELETE,CDC,
688,ENTRPT_SILVER,SECURITY_PERFORMANCE_HISTORY_HGPS_BNY,SECURITY_PERFORMANCE_HISTORY_HGPS_BNY,SECURITY_PERFORMANCE,MARKED_FOR_SKIP,CDC,684
689,ENTRPT_SILVER,SECURITY_PERFORMANCE_HISTORY_HGPS_BNY,SECURITY_PERFORMANCE_HISTORY_HGPS_BNY,SECURITY_PERFORMANCE,RECORDS_INSERTED,DML,685
690,ENTRPT_SILVER,SECURITY_PERFORMANCE_HISTORY_HGPS_BNY,SECURITY_PERFORMANCE_HISTORY_HGPS_BNY,SECURITY_PERFORMANCE,RECORDS_UPDATED,DML,686
691,ENTRPT_SILVER,SECURITY_PERFORMANCE_HISTORY_HGPS_BNY,SECURITY_PERFORMANCE_HISTORY_HGPS_BNY,SECURITY_PERFORMANCE,RECORDS_DELETED,DML,687
692,ENTRPT_SILVER,SECURITY_PERFORMANCE_HISTORY_HGPS_BNY,SECURITY_PERFORMANCE_KEY_HISTORY_HGPS_BNY,SECURITY_PERFORMANCE_KEY,RECORDS_INSERTED,DML,685
693,ENTRPT_GOLD,FUND_MTL,FUND_MTL,FUND_MTL,RECORDS_EXPECTED,COUNT,
694,ENTRPT_GOLD,FUND_MTL,FUND_MTL,FUND_MTL,RECORDS_FOUND,COUNT,693
695,ENTRPT_GOLD,FUND_MTL,FUND_MTL,FUND_MTL,RECORDS_INSERTED,COUNT,693
696,ENTRPT_GOLD,SECURITY_EXPOSURE_SUMMARY_MTL,SECURITY_EXPOSURE_SUMMARY_MTL,SECURITY_EXPOSURE_SUMMARY_MTL,RECORDS_EXPECTED,COUNT,
697,ENTRPT_GOLD,SECURITY_EXPOSURE_SUMMARY_MTL,SECURITY_EXPOSURE_SUMMARY_MTL,SECURITY_EXPOSURE_SUMMARY_MTL,RECORDS_FOUND,COUNT,696
698,ENTRPT_GOLD,SECURITY_EXPOSURE_SUMMARY_MTL,SECURITY_EXPOSURE_SUMMARY_MTL,SECURITY_EXPOSURE_SUMMARY_MTL,RECORDS_INSERTED,COUNT,696
699,ENTRPT_GOLD,COMPANY_MANAGER_XREF_MTL,COMPANY_MANAGER_XREF_MTL,COMPANY_MANAGER_XREF_MTL,RECORDS_EXPECTED,COUNT,
700,ENTRPT_GOLD,COMPANY_MANAGER_XREF_MTL,COMPANY_MANAGER_XREF_MTL,COMPANY_MANAGER_XREF_MTL,RECORDS_FOUND,COUNT,699
701,ENTRPT_GOLD,COMPANY_MANAGER_XREF_MTL,COMPANY_MANAGER_XREF_MTL,COMPANY_MANAGER_XREF_MTL,RECORDS_INSERTED,COUNT,699
702,ENTRPT_BRONZE,HGPS_TWR_HST_DATA_LOAD,TWR_HST_EXCEL_PARSER,TWR_HST_EXCEL_FILES,FILES_RECEIVED,COUNT,
703,ENTRPT_BRONZE,HGPS_TWR_HST_DATA_LOAD,TWR_HST_EXCEL_PARSER,TWR_HST_EXCEL_FILES,FILES_SUCCESS,COUNT,702
704,ENTRPT_BRONZE,HGPS_TWR_HST_DATA_LOAD,TWR_HST_EXCEL_PARSER,TWR_HST_EXCEL_FILES,FILES_FAILED,COUNT,702
705,ENTRPT_BRONZE,HGPS_TWR_HST_DATA_LOAD,TWR_HST_EXCEL_PARSER,TWR_HST_EXCEL_FILES,RECORDS_PARSED,COUNT,
706,ENTRPT_BRONZE,HGPS_PERFORMANCE_TWR_HISTORY_BNY,HGPS_PERFORMANCE_TWR_HISTORY_BNY,HGPS_PERFORMANCE_TWR_HISTORY_BNY,RECORDS_DELETED,COUNT,
707,ENTRPT_BRONZE,HGPS_PERFORMANCE_TWR_HISTORY_BNY,HGPS_PERFORMANCE_TWR_HISTORY_BNY,HGPS_PERFORMANCE_TWR_HISTORY_BNY,RECORDS_INSERTED,COUNT,
708,ENTRPT_BRONZE,HGPS_TWR_DATA_LOAD,TWR_EXCEL_PARSER,TWR_EXCEL_FILES,FILES_RECEIVED,COUNT,
709,ENTRPT_BRONZE,HGPS_TWR_DATA_LOAD,TWR_EXCEL_PARSER,TWR_EXCEL_FILES,FILES_SUCCESS,COUNT,708
710,ENTRPT_BRONZE,HGPS_TWR_DATA_LOAD,TWR_EXCEL_PARSER,TWR_EXCEL_FILES,FILES_FAILED,COUNT,708
711,ENTRPT_BRONZE,HGPS_TWR_DATA_LOAD,TWR_EXCEL_PARSER,TWR_EXCEL_FILES,RECORDS_PARSED,COUNT,
712,ENTRPT_BRONZE,HGPS_PERFORMANCE_TWR_BNY,HGPS_PERFORMANCE_TWR_BNY,HGPS_PERFORMANCE_TWR_BNY,RECORDS_DELETED,COUNT,
713,ENTRPT_BRONZE,HGPS_PERFORMANCE_TWR_BNY,HGPS_PERFORMANCE_TWR_BNY,HGPS_PERFORMANCE_TWR_BNY,RECORDS_INSERTED,COUNT,
714,SEC_SILVER,EXCHANGE_RATES,EXCHANGE_RATES,EXCHANGE_RATE,RECORDS_RECEIVED,COUNT,
715,SEC_SILVER,EXCHANGE_RATES,EXCHANGE_RATES,EXCHANGE_RATE,MARKED_FOR_INSERT,CDC,714
716,SEC_SILVER,EXCHANGE_RATES,EXCHANGE_RATES,EXCHANGE_RATE,MARKED_FOR_UPDATE,CDC,714
717,SEC_SILVER,EXCHANGE_RATES,EXCHANGE_RATES,EXCHANGE_RATE,MARKED_FOR_DELETE,CDC,
718,SEC_SILVER,EXCHANGE_RATES,EXCHANGE_RATES,EXCHANGE_RATE,MARKED_FOR_SKIP,CDC,714
719,SEC_SILVER,EXCHANGE_RATES,EXCHANGE_RATES,EXCHANGE_RATE,RECORDS_INSERTED,DML,715
720,SEC_SILVER,EXCHANGE_RATES,EXCHANGE_RATES,EXCHANGE_RATE,RECORDS_UPDATED,DML,716
721,SEC_SILVER,EXCHANGE_RATES,EXCHANGE_RATES,EXCHANGE_RATE,RECORDS_DELETED,DML,717
722,SEC_SILVER,EXCHANGE_RATES,EXCHANGE_RATE_KEY,EXCHANGE_RATE_KEY,RECORDS_INSERTED,DML,715
723,ENTRPT_SILVER,SECURITY_PROJECT_PERFORMANCE_HGPS_BNY,SECURITY_PROJECT_PERFORMANCE_HGPS_BNY,SECURITY_PROJECT_PERFORMANCE,RECORDS_RECEIVED,COUNT,
724,ENTRPT_SILVER,SECURITY_PROJECT_PERFORMANCE_HGPS_BNY,SECURITY_PROJECT_PERFORMANCE_HGPS_BNY,SECURITY_PROJECT_PERFORMANCE,MARKED_FOR_INSERT,CDC,723
725,ENTRPT_SILVER,SECURITY_PROJECT_PERFORMANCE_HGPS_BNY,SECURITY_PROJECT_PERFORMANCE_HGPS_BNY,SECURITY_PROJECT_PERFORMANCE,MARKED_FOR_UPDATE,CDC,723
726,ENTRPT_SILVER,SECURITY_PROJECT_PERFORMANCE_HGPS_BNY,SECURITY_PROJECT_PERFORMANCE_HGPS_BNY,SECURITY_PROJECT_PERFORMANCE,MARKED_FOR_DELETE,CDC,
727,ENTRPT_SILVER,SECURITY_PROJECT_PERFORMANCE_HGPS_BNY,SECURITY_PROJECT_PERFORMANCE_HGPS_BNY,SECURITY_PROJECT_PERFORMANCE,MARKED_FOR_SKIP,CDC,723
728,ENTRPT_SILVER,SECURITY_PROJECT_PERFORMANCE_HGPS_BNY,SECURITY_PROJECT_PERFORMANCE_HGPS_BNY,SECURITY_PROJECT_PERFORMANCE,RECORDS_INSERTED,DML,724
729,ENTRPT_SILVER,SECURITY_PROJECT_PERFORMANCE_HGPS_BNY,SECURITY_PROJECT_PERFORMANCE_HGPS_BNY,SECURITY_PROJECT_PERFORMANCE,RECORDS_UPDATED,DML,725
730,ENTRPT_SILVER,SECURITY_PROJECT_PERFORMANCE_HGPS_BNY,SECURITY_PROJECT_PERFORMANCE_HGPS_BNY,SECURITY_PROJECT_PERFORMANCE,RECORDS_DELETED,DML,726
731,ENTRPT_SILVER,SECURITY_PROJECT_PERFORMANCE_HGPS_BNY,SECURITY_PROJECT_PERFORMANCE_KEY_HGPS_BNY,SECURITY_PROJECT_PERFORMANCE_KEY,RECORDS_INSERTED,DML,724
732,ENTRPT_GOLD,SECURITY_PROJECT_PERFORMANCE_MTL,SECURITY_PROJECT_PERFORMANCE_MTL,SECURITY_PROJECT_PERFORMANCE_MTL,RECORDS_EXPECTED,COUNT,
733,ENTRPT_GOLD,SECURITY_PROJECT_PERFORMANCE_MTL,SECURITY_PROJECT_PERFORMANCE_MTL,SECURITY_PROJECT_PERFORMANCE_MTL,RECORDS_FOUND,COUNT,732
734,ENTRPT_GOLD,SECURITY_PROJECT_PERFORMANCE_MTL,SECURITY_PROJECT_PERFORMANCE_MTL,SECURITY_PROJECT_PERFORMANCE_MTL,RECORDS_INSERTED,COUNT,733
735,ENTRPT_SILVER,SECURITY_VALUATION_SHARECLASS_HPIF_SSB,SECURITY_VALUATION_SHARECLASS_HPIF_SSB,SECURITY_VALUATION,RECORDS_RECEIVED,COUNT,
736,ENTRPT_SILVER,SECURITY_VALUATION_SHARECLASS_HPIF_SSB,SECURITY_VALUATION_SHARECLASS_HPIF_SSB,SECURITY_VALUATION,MARKED_FOR_INSERT,CDC,735
737,ENTRPT_SILVER,SECURITY_VALUATION_SHARECLASS_HPIF_SSB,SECURITY_VALUATION_SHARECLASS_HPIF_SSB,SECURITY_VALUATION,MARKED_FOR_UPDATE,CDC,735
738,ENTRPT_SILVER,SECURITY_VALUATION_SHARECLASS_HPIF_SSB,SECURITY_VALUATION_SHARECLASS_HPIF_SSB,SECURITY_VALUATION,MARKED_FOR_DELETE,CDC,
739,ENTRPT_SILVER,SECURITY_VALUATION_SHARECLASS_HPIF_SSB,SECURITY_VALUATION_SHARECLASS_HPIF_SSB,SECURITY_VALUATION,MARKED_FOR_SKIP,CDC,735
740,ENTRPT_SILVER,SECURITY_VALUATION_SHARECLASS_HPIF_SSB,SECURITY_VALUATION_SHARECLASS_HPIF_SSB,SECURITY_VALUATION,RECORDS_INSERTED,DML,736
741,ENTRPT_SILVER,SECURITY_VALUATION_SHARECLASS_HPIF_SSB,SECURITY_VALUATION_SHARECLASS_HPIF_SSB,SECURITY_VALUATION,RECORDS_UPDATED,DML,737
742,ENTRPT_SILVER,SECURITY_VALUATION_SHARECLASS_HPIF_SSB,SECURITY_VALUATION_SHARECLASS_HPIF_SSB,SECURITY_VALUATION,RECORDS_DELETED,DML,739
743,ENTRPT_SILVER,SECURITY_VALUATION_SHARECLASS_HPIF_SSB,SECURITY_VALUATION_SHARECLASS_KEY_HPIF_SSB,SECURITY_VALUATION_KEY,RECORDS_INSERTED,DML,736
744,ENTRPT_SILVER,CASH_ACCOUNT,CASH_ACCOUNT,CASH_ACCOUNT,RECORDS_RECEIVED,COUNT,
745,ENTRPT_SILVER,CASH_ACCOUNT,CASH_ACCOUNT,CASH_ACCOUNT,MARKED_FOR_INSERT,CDC,744
746,ENTRPT_SILVER,CASH_ACCOUNT,CASH_ACCOUNT,CASH_ACCOUNT,MARKED_FOR_UPDATE,CDC,744
747,ENTRPT_SILVER,CASH_ACCOUNT,CASH_ACCOUNT,CASH_ACCOUNT,MARKED_FOR_DELETE,CDC,
748,ENTRPT_SILVER,CASH_ACCOUNT,CASH_ACCOUNT,CASH_ACCOUNT,MARKED_FOR_SKIP,CDC,744
749,ENTRPT_SILVER,CASH_ACCOUNT,CASH_ACCOUNT,CASH_ACCOUNT,RECORDS_INSERTED,DML,745
750,ENTRPT_SILVER,CASH_ACCOUNT,CASH_ACCOUNT,CASH_ACCOUNT,RECORDS_UPDATED,DML,746
751,ENTRPT_SILVER,CASH_ACCOUNT,CASH_ACCOUNT,CASH_ACCOUNT,RECORDS_DELETED,DML,747
752,ENTRPT_SILVER,CASH_ACCOUNT,CASH_ACCOUNT_KEY,CASH_ACCOUNT_KEY,RECORDS_INSERTED,DML,745
753,ENTRPT_SILVER,CASH_BALANCE,CASH_BALANCE,CASH_BALANCE,RECORDS_RECEIVED,COUNT,
754,ENTRPT_SILVER,CASH_BALANCE,CASH_BALANCE,CASH_BALANCE,MARKED_FOR_INSERT,CDC,753
755,ENTRPT_SILVER,CASH_BALANCE,CASH_BALANCE,CASH_BALANCE,MARKED_FOR_UPDATE,CDC,753
756,ENTRPT_SILVER,CASH_BALANCE,CASH_BALANCE,CASH_BALANCE,MARKED_FOR_DELETE,CDC,
757,ENTRPT_SILVER,CASH_BALANCE,CASH_BALANCE,CASH_BALANCE,MARKED_FOR_SKIP,CDC,753
758,ENTRPT_SILVER,CASH_BALANCE,CASH_BALANCE,CASH_BALANCE,RECORDS_INSERTED,DML,754
759,ENTRPT_SILVER,CASH_BALANCE,CASH_BALANCE,CASH_BALANCE,RECORDS_UPDATED,DML,755
760,ENTRPT_SILVER,CASH_BALANCE,CASH_BALANCE,CASH_BALANCE,RECORDS_DELETED,DML,756
761,ENTRPT_SILVER,CASH_BALANCE,CASH_BALANCE_KEY,CASH_BALANCE_KEY,RECORDS_INSERTED,DML,754
762,ENTRPT_SILVER,GEOGRAPHY,GEOGRAPHY,GEOGRAPHY,RECORDS_RECEIVED,COUNT,
763,ENTRPT_SILVER,GEOGRAPHY,GEOGRAPHY,GEOGRAPHY,MARKED_FOR_INSERT,CDC,762
764,ENTRPT_SILVER,GEOGRAPHY,GEOGRAPHY,GEOGRAPHY,MARKED_FOR_UPDATE,CDC,762
765,ENTRPT_SILVER,GEOGRAPHY,GEOGRAPHY,GEOGRAPHY,MARKED_FOR_DELETE,CDC,
766,ENTRPT_SILVER,GEOGRAPHY,GEOGRAPHY,GEOGRAPHY,MARKED_FOR_SKIP,CDC,762
767,ENTRPT_SILVER,GEOGRAPHY,GEOGRAPHY,GEOGRAPHY,RECORDS_INSERTED,DML,763
768,ENTRPT_SILVER,GEOGRAPHY,GEOGRAPHY,GEOGRAPHY,RECORDS_UPDATED,DML,764
769,ENTRPT_SILVER,GEOGRAPHY,GEOGRAPHY,GEOGRAPHY,RECORDS_DELETED,DML,765
770,ENTRPT_SILVER,GEOGRAPHY,GEOGRAPHY_KEY,GEOGRAPHY_KEY,RECORDS_INSERTED,DML,763
771,ENTRPT_SILVER,COMMITMENT_LEDGER,COMMITMENT_LEDGER,COMMITMENT_LEDGER,RECORDS_RECEIVED,COUNT,
772,ENTRPT_SILVER,COMMITMENT_LEDGER,COMMITMENT_LEDGER,COMMITMENT_LEDGER,MARKED_FOR_INSERT,CDC,771
773,ENTRPT_SILVER,COMMITMENT_LEDGER,COMMITMENT_LEDGER,COMMITMENT_LEDGER,MARKED_FOR_UPDATE,CDC,771
774,ENTRPT_SILVER,COMMITMENT_LEDGER,COMMITMENT_LEDGER,COMMITMENT_LEDGER,MARKED_FOR_DELETE,CDC,
775,ENTRPT_SILVER,COMMITMENT_LEDGER,COMMITMENT_LEDGER,COMMITMENT_LEDGER,MARKED_FOR_SKIP,CDC,771
776,ENTRPT_SILVER,COMMITMENT_LEDGER,COMMITMENT_LEDGER,COMMITMENT_LEDGER,RECORDS_INSERTED,DML,772
777,ENTRPT_SILVER,COMMITMENT_LEDGER,COMMITMENT_LEDGER,COMMITMENT_LEDGER,RECORDS_UPDATED,DML,773
778,ENTRPT_SILVER,COMMITMENT_LEDGER,COMMITMENT_LEDGER,COMMITMENT_LEDGER,RECORDS_DELETED,DML,774
779,ENTRPT_SILVER,COMMITMENT_LEDGER,COMMITMENT_LEDGER_KEY,COMMITMENT_LEDGER_KEY,RECORDS_INSERTED,DML,772
780,ENTRPT_SILVER,COMPANY_HPIF,COMPANY_HPIF,COMPANY,RECORDS_RECEIVED,COUNT,
781,ENTRPT_SILVER,COMPANY_HPIF,COMPANY_HPIF,COMPANY,MARKED_FOR_INSERT,CDC,780
782,ENTRPT_SILVER,COMPANY_HPIF,COMPANY_HPIF,COMPANY,MARKED_FOR_UPDATE,CDC,780
783,ENTRPT_SILVER,COMPANY_HPIF,COMPANY_HPIF,COMPANY,MARKED_FOR_DELETE,CDC,
784,ENTRPT_SILVER,COMPANY_HPIF,COMPANY_HPIF,COMPANY,MARKED_FOR_SKIP,CDC,780
785,ENTRPT_SILVER,COMPANY_HPIF,COMPANY_HPIF,COMPANY,RECORDS_INSERTED,DML,781
786,ENTRPT_SILVER,COMPANY_HPIF,COMPANY_HPIF,COMPANY,RECORDS_UPDATED,DML,782
787,ENTRPT_SILVER,COMPANY_HPIF,COMPANY_HPIF,COMPANY,RECORDS_DELETED,DML,783
788,ENTRPT_SILVER,COMPANY_HPIF,COMPANY_KEY_HPIF,COMPANY_KEY,RECORDS_INSERTED,DML,781
789,ENTRPT_SILVER,SECURITY_DEAL_COMMITMENT,SECURITY_DEAL_COMMITMENT,SECURITY_DEAL_COMMITMENT,RECORDS_RECEIVED,COUNT,
790,ENTRPT_SILVER,SECURITY_DEAL_COMMITMENT,SECURITY_DEAL_COMMITMENT,SECURITY_DEAL_COMMITMENT,MARKED_FOR_INSERT,CDC,789
791,ENTRPT_SILVER,SECURITY_DEAL_COMMITMENT,SECURITY_DEAL_COMMITMENT,SECURITY_DEAL_COMMITMENT,MARKED_FOR_UPDATE,CDC,789
792,ENTRPT_SILVER,SECURITY_DEAL_COMMITMENT,SECURITY_DEAL_COMMITMENT,SECURITY_DEAL_COMMITMENT,MARKED_FOR_DELETE,CDC,
793,ENTRPT_SILVER,SECURITY_DEAL_COMMITMENT,SECURITY_DEAL_COMMITMENT,SECURITY_DEAL_COMMITMENT,MARKED_FOR_SKIP,CDC,789
794,ENTRPT_SILVER,SECURITY_DEAL_COMMITMENT,SECURITY_DEAL_COMMITMENT,SECURITY_DEAL_COMMITMENT,RECORDS_INSERTED,DML,790
795,ENTRPT_SILVER,SECURITY_DEAL_COMMITMENT,SECURITY_DEAL_COMMITMENT,SECURITY_DEAL_COMMITMENT,RECORDS_UPDATED,DML,791
796,ENTRPT_SILVER,SECURITY_DEAL_COMMITMENT,SECURITY_DEAL_COMMITMENT,SECURITY_DEAL_COMMITMENT,RECORDS_DELETED,DML,792
797,ENTRPT_SILVER,SECURITY_DEAL_COMMITMENT,SECURITY_DEAL_COMMITMENT_KEY,SECURITY_DEAL_COMMITMENT_KEY,RECORDS_INSERTED,DML,790
798,ENTRPT_SILVER,SECURITY_DEAL_VALUATION_HPIF,SECURITY_DEAL_VALUATION_HPIF,SECURITY_DEAL_VALUATION,RECORDS_RECEIVED,COUNT,
799,ENTRPT_SILVER,SECURITY_DEAL_VALUATION_HPIF,SECURITY_DEAL_VALUATION_HPIF,SECURITY_DEAL_VALUATION,MARKED_FOR_INSERT,CDC,798
800,ENTRPT_SILVER,SECURITY_DEAL_VALUATION_HPIF,SECURITY_DEAL_VALUATION_HPIF,SECURITY_DEAL_VALUATION,MARKED_FOR_UPDATE,CDC,798
801,ENTRPT_SILVER,SECURITY_DEAL_VALUATION_HPIF,SECURITY_DEAL_VALUATION_HPIF,SECURITY_DEAL_VALUATION,MARKED_FOR_DELETE,CDC,
802,ENTRPT_SILVER,SECURITY_DEAL_VALUATION_HPIF,SECURITY_DEAL_VALUATION_HPIF,SECURITY_DEAL_VALUATION,MARKED_FOR_SKIP,CDC,798
803,ENTRPT_SILVER,SECURITY_DEAL_VALUATION_HPIF,SECURITY_DEAL_VALUATION_HPIF,SECURITY_DEAL_VALUATION,RECORDS_INSERTED,DML,799
804,ENTRPT_SILVER,SECURITY_DEAL_VALUATION_HPIF,SECURITY_DEAL_VALUATION_HPIF,SECURITY_DEAL_VALUATION,RECORDS_UPDATED,DML,800
805,ENTRPT_SILVER,SECURITY_DEAL_VALUATION_HPIF,SECURITY_DEAL_VALUATION_HPIF,SECURITY_DEAL_VALUATION,RECORDS_DELETED,DML,801
806,ENTRPT_SILVER,SECURITY_DEAL_VALUATION_HPIF,SECURITY_DEAL_VALUATION_KEY_HPIF,SECURITY_DEAL_VALUATION_KEY,RECORDS_INSERTED,DML,799
807,ENTRPT_SILVER,COMPANY_MANAGER_XREF_HPIF,COMPANY_MANAGER_XREF_HPIF,COMPANY_MANAGER_XREF,RECORDS_RECEIVED,COUNT,
808,ENTRPT_SILVER,COMPANY_MANAGER_XREF_HPIF,COMPANY_MANAGER_XREF_HPIF,COMPANY_MANAGER_XREF,MARKED_FOR_INSERT,CDC,807
809,ENTRPT_SILVER,COMPANY_MANAGER_XREF_HPIF,COMPANY_MANAGER_XREF_HPIF,COMPANY_MANAGER_XREF,MARKED_FOR_UPDATE,CDC,807
810,ENTRPT_SILVER,COMPANY_MANAGER_XREF_HPIF,COMPANY_MANAGER_XREF_HPIF,COMPANY_MANAGER_XREF,MARKED_FOR_DELETE,CDC,
811,ENTRPT_SILVER,COMPANY_MANAGER_XREF_HPIF,COMPANY_MANAGER_XREF_HPIF,COMPANY_MANAGER_XREF,MARKED_FOR_SKIP,CDC,807
812,ENTRPT_SILVER,COMPANY_MANAGER_XREF_HPIF,COMPANY_MANAGER_XREF_HPIF,COMPANY_MANAGER_XREF,RECORDS_INSERTED,DML,808
813,ENTRPT_SILVER,COMPANY_MANAGER_XREF_HPIF,COMPANY_MANAGER_XREF_HPIF,COMPANY_MANAGER_XREF,RECORDS_UPDATED,DML,809
814,ENTRPT_SILVER,COMPANY_MANAGER_XREF_HPIF,COMPANY_MANAGER_XREF_HPIF,COMPANY_MANAGER_XREF,RECORDS_DELETED,DML,810
815,ENTRPT_SILVER,COMPANY_MANAGER_XREF_HPIF,COMPANY_MANAGER_XREF_KEY_HPIF,COMPANY_MANAGER_XREF_KEY,RECORDS_INSERTED,DML,808
816,ENTRPT_SILVER,SECURITY_ACCOUNTING_SUMMARY_HPIF,SECURITY_ACCOUNTING_SUMMARY_HPIF,SECURITY_ACCOUNTING_SUMMARY,RECORDS_RECEIVED,COUNT,
817,ENTRPT_SILVER,SECURITY_ACCOUNTING_SUMMARY_HPIF,SECURITY_ACCOUNTING_SUMMARY_HPIF,SECURITY_ACCOUNTING_SUMMARY,MARKED_FOR_INSERT,CDC,816
818,ENTRPT_SILVER,SECURITY_ACCOUNTING_SUMMARY_HPIF,SECURITY_ACCOUNTING_SUMMARY_HPIF,SECURITY_ACCOUNTING_SUMMARY,MARKED_FOR_UPDATE,CDC,816
819,ENTRPT_SILVER,SECURITY_ACCOUNTING_SUMMARY_HPIF,SECURITY_ACCOUNTING_SUMMARY_HPIF,SECURITY_ACCOUNTING_SUMMARY,MARKED_FOR_DELETE,CDC,
820,ENTRPT_SILVER,SECURITY_ACCOUNTING_SUMMARY_HPIF,SECURITY_ACCOUNTING_SUMMARY_HPIF,SECURITY_ACCOUNTING_SUMMARY,MARKED_FOR_SKIP,CDC,816
821,ENTRPT_SILVER,SECURITY_ACCOUNTING_SUMMARY_HPIF,SECURITY_ACCOUNTING_SUMMARY_HPIF,SECURITY_ACCOUNTING_SUMMARY,RECORDS_INSERTED,DML,817
822,ENTRPT_SILVER,SECURITY_ACCOUNTING_SUMMARY_HPIF,SECURITY_ACCOUNTING_SUMMARY_HPIF,SECURITY_ACCOUNTING_SUMMARY,RECORDS_UPDATED,DML,818
823,ENTRPT_SILVER,SECURITY_ACCOUNTING_SUMMARY_HPIF,SECURITY_ACCOUNTING_SUMMARY_HPIF,SECURITY_ACCOUNTING_SUMMARY,RECORDS_DELETED,DML,819
824,ENTRPT_SILVER,SECURITY_ACCOUNTING_SUMMARY_HPIF,SECURITY_ACCOUNTING_SUMMARY_KEY_HPIF,SECURITY_ACCOUNTING_SUMMARY_KEY,RECORDS_INSERTED,DML,817
825,ENTRPT_SILVER,SECURITY_DEAL_ACCOUNTING_SUMMARY_HPIF,SECURITY_DEAL_ACCOUNTING_SUMMARY_HPIF,SECURITY_DEAL_ACCOUNTING_SUMMARY,RECORDS_RECEIVED,COUNT,
826,ENTRPT_SILVER,SECURITY_DEAL_ACCOUNTING_SUMMARY_HPIF,SECURITY_DEAL_ACCOUNTING_SUMMARY_HPIF,SECURITY_DEAL_ACCOUNTING_SUMMARY,MARKED_FOR_INSERT,CDC,825
827,ENTRPT_SILVER,SECURITY_DEAL_ACCOUNTING_SUMMARY_HPIF,SECURITY_DEAL_ACCOUNTING_SUMMARY_HPIF,SECURITY_DEAL_ACCOUNTING_SUMMARY,MARKED_FOR_UPDATE,CDC,825
828,ENTRPT_SILVER,SECURITY_DEAL_ACCOUNTING_SUMMARY_HPIF,SECURITY_DEAL_ACCOUNTING_SUMMARY_HPIF,SECURITY_DEAL_ACCOUNTING_SUMMARY,MARKED_FOR_DELETE,CDC,
829,ENTRPT_SILVER,SECURITY_DEAL_ACCOUNTING_SUMMARY_HPIF,SECURITY_DEAL_ACCOUNTING_SUMMARY_HPIF,SECURITY_DEAL_ACCOUNTING_SUMMARY,MARKED_FOR_SKIP,CDC,825
830,ENTRPT_SILVER,SECURITY_DEAL_ACCOUNTING_SUMMARY_HPIF,SECURITY_DEAL_ACCOUNTING_SUMMARY_HPIF,SECURITY_DEAL_ACCOUNTING_SUMMARY,RECORDS_INSERTED,DML,826
831,ENTRPT_SILVER,SECURITY_DEAL_ACCOUNTING_SUMMARY_HPIF,SECURITY_DEAL_ACCOUNTING_SUMMARY_HPIF,SECURITY_DEAL_ACCOUNTING_SUMMARY,RECORDS_UPDATED,DML,827
832,ENTRPT_SILVER,SECURITY_DEAL_ACCOUNTING_SUMMARY_HPIF,SECURITY_DEAL_ACCOUNTING_SUMMARY_HPIF,SECURITY_DEAL_ACCOUNTING_SUMMARY,RECORDS_DELETED,DML,828
833,ENTRPT_SILVER,SECURITY_DEAL_ACCOUNTING_SUMMARY_HPIF,SECURITY_DEAL_ACCOUNTING_SUMMARY_KEY_HPIF,SECURITY_DEAL_ACCOUNTING_SUMMARY_KEY,RECORDS_INSERTED,DML,826
834,ENTRPT_SILVER,MANAGER_HPIF,MANAGER_HPIF,MANAGER,RECORDS_RECEIVED,COUNT,
835,ENTRPT_SILVER,MANAGER_HPIF,MANAGER_HPIF,MANAGER,MARKED_FOR_INSERT,CDC,834
836,ENTRPT_SILVER,MANAGER_HPIF,MANAGER_HPIF,MANAGER,MARKED_FOR_UPDATE,CDC,834
837,ENTRPT_SILVER,MANAGER_HPIF,MANAGER_HPIF,MANAGER,MARKED_FOR_DELETE,CDC,
838,ENTRPT_SILVER,MANAGER_HPIF,MANAGER_HPIF,MANAGER,MARKED_FOR_SKIP,CDC,834
839,ENTRPT_SILVER,MANAGER_HPIF,MANAGER_HPIF,MANAGER,RECORDS_INSERTED,DML,835
840,ENTRPT_SILVER,MANAGER_HPIF,MANAGER_HPIF,MANAGER,RECORDS_UPDATED,DML,836
841,ENTRPT_SILVER,MANAGER_HPIF,MANAGER_HPIF,MANAGER,RECORDS_DELETED,DML,837
842,ENTRPT_SILVER,MANAGER_HPIF,MANAGER_KEY_HPIF,MANAGER_KEY,RECORDS_INSERTED,DML,835
843,ENTRPT_BRONZE,HGPS_CASHFLOW_DATA_LOAD,CASHFLOW_EXCEL_PARSER,CASHFLOW_EXCEL_FILES,FILES_RECEIVED,COUNT,
844,ENTRPT_BRONZE,HGPS_CASHFLOW_DATA_LOAD,CASHFLOW_EXCEL_PARSER,CASHFLOW_EXCEL_FILES,FILES_SUCCESS,COUNT,843
845,ENTRPT_BRONZE,HGPS_CASHFLOW_DATA_LOAD,CASHFLOW_EXCEL_PARSER,CASHFLOW_EXCEL_FILES,FILES_FAILED,COUNT,843
846,ENTRPT_BRONZE,HGPS_CASHFLOW_DATA_LOAD,CASHFLOW_EXCEL_PARSER,CASHFLOW_EXCEL_FILES,RECORDS_PARSED,COUNT,
847,ENTRPT_BRONZE,HGPS_CASHFLOW_BNY,HGPS_CASHFLOW_BNY,HGPS_CASHFLOW_BNY,RECORDS_DELETED,COUNT,
848,ENTRPT_BRONZE,HGPS_CASHFLOW_BNY,HGPS_CASHFLOW_BNY,HGPS_CASHFLOW_BNY,RECORDS_INSERTED,COUNT,
849,ENTRPT_SILVER,SECURITY_DEAL_ACCOUNTING_SUMMARY_JML_HGPS_BNY,SECURITY_DEAL_ACCOUNTING_SUMMARY_JML_HGPS_BNY,SECURITY_DEAL_ACCOUNTING_SUMMARY_JML,RECORDS_RECEIVED,COUNT,
850,ENTRPT_SILVER,SECURITY_DEAL_ACCOUNTING_SUMMARY_JML_HGPS_BNY,SECURITY_DEAL_ACCOUNTING_SUMMARY_JML_HGPS_BNY,SECURITY_DEAL_ACCOUNTING_SUMMARY_JML,MARKED_FOR_INSERT,CDC,849
851,ENTRPT_SILVER,SECURITY_DEAL_ACCOUNTING_SUMMARY_JML_HGPS_BNY,SECURITY_DEAL_ACCOUNTING_SUMMARY_JML_HGPS_BNY,SECURITY_DEAL_ACCOUNTING_SUMMARY_JML,MARKED_FOR_UPDATE,CDC,849
852,ENTRPT_SILVER,SECURITY_DEAL_ACCOUNTING_SUMMARY_JML_HGPS_BNY,SECURITY_DEAL_ACCOUNTING_SUMMARY_JML_HGPS_BNY,SECURITY_DEAL_ACCOUNTING_SUMMARY_JML,MARKED_FOR_DELETE,CDC,
853,ENTRPT_SILVER,SECURITY_DEAL_ACCOUNTING_SUMMARY_JML_HGPS_BNY,SECURITY_DEAL_ACCOUNTING_SUMMARY_JML_HGPS_BNY,SECURITY_DEAL_ACCOUNTING_SUMMARY_JML,MARKED_FOR_SKIP,CDC,849
854,ENTRPT_SILVER,SECURITY_DEAL_ACCOUNTING_SUMMARY_JML_HGPS_BNY,SECURITY_DEAL_ACCOUNTING_SUMMARY_JML_HGPS_BNY,SECURITY_DEAL_ACCOUNTING_SUMMARY_JML,RECORDS_INSERTED,DML,850
855,ENTRPT_SILVER,SECURITY_DEAL_ACCOUNTING_SUMMARY_JML_HGPS_BNY,SECURITY_DEAL_ACCOUNTING_SUMMARY_JML_HGPS_BNY,SECURITY_DEAL_ACCOUNTING_SUMMARY_JML,RECORDS_UPDATED,DML,851
856,ENTRPT_SILVER,SECURITY_DEAL_ACCOUNTING_SUMMARY_JML_HGPS_BNY,SECURITY_DEAL_ACCOUNTING_SUMMARY_JML_HGPS_BNY,SECURITY_DEAL_ACCOUNTING_SUMMARY_JML,RECORDS_DELETED,DML,852
857,ENTRPT_SILVER,SECURITY_DEAL_ACCOUNTING_SUMMARY_JML_HGPS_BNY,SECURITY_DEAL_ACCOUNTING_SUMMARY_JML_KEY_HGPS_BNY,SECURITY_DEAL_ACCOUNTING_SUMMARY_JML_KEY,RECORDS_INSERTED,DML,850
858,ENTRPT_SILVER,SECURITY_DEAL_ACCOUNTING_SUMMARY_JML_HPIF_SSB,SECURITY_DEAL_ACCOUNTING_SUMMARY_JML_HPIF_SSB,SECURITY_DEAL_ACCOUNTING_SUMMARY_JML,RECORDS_RECEIVED,COUNT,
859,ENTRPT_SILVER,SECURITY_DEAL_ACCOUNTING_SUMMARY_JML_HPIF_SSB,SECURITY_DEAL_ACCOUNTING_SUMMARY_JML_HPIF_SSB,SECURITY_DEAL_ACCOUNTING_SUMMARY_JML,MARKED_FOR_INSERT,CDC,858
860,ENTRPT_SILVER,SECURITY_DEAL_ACCOUNTING_SUMMARY_JML_HPIF_SSB,SECURITY_DEAL_ACCOUNTING_SUMMARY_JML_HPIF_SSB,SECURITY_DEAL_ACCOUNTING_SUMMARY_JML,MARKED_FOR_UPDATE,CDC,858
861,ENTRPT_SILVER,SECURITY_DEAL_ACCOUNTING_SUMMARY_JML_HPIF_SSB,SECURITY_DEAL_ACCOUNTING_SUMMARY_JML_HPIF_SSB,SECURITY_DEAL_ACCOUNTING_SUMMARY_JML,MARKED_FOR_DELETE,CDC,
862,ENTRPT_SILVER,SECURITY_DEAL_ACCOUNTING_SUMMARY_JML_HPIF_SSB,SECURITY_DEAL_ACCOUNTING_SUMMARY_JML_HPIF_SSB,SECURITY_DEAL_ACCOUNTING_SUMMARY_JML,MARKED_FOR_SKIP,CDC,858
863,ENTRPT_SILVER,SECURITY_DEAL_ACCOUNTING_SUMMARY_JML_HPIF_SSB,SECURITY_DEAL_ACCOUNTING_SUMMARY_JML_HPIF_SSB,SECURITY_DEAL_ACCOUNTING_SUMMARY_JML,RECORDS_INSERTED,DML,859
864,ENTRPT_SILVER,SECURITY_DEAL_ACCOUNTING_SUMMARY_JML_HPIF_SSB,SECURITY_DEAL_ACCOUNTING_SUMMARY_JML_HPIF_SSB,SECURITY_DEAL_ACCOUNTING_SUMMARY_JML,RECORDS_UPDATED,DML,860
865,ENTRPT_SILVER,SECURITY_DEAL_ACCOUNTING_SUMMARY_JML_HPIF_SSB,SECURITY_DEAL_ACCOUNTING_SUMMARY_JML_HPIF_SSB,SECURITY_DEAL_ACCOUNTING_SUMMARY_JML,RECORDS_DELETED,DML,861
866,ENTRPT_SILVER,SECURITY_DEAL_ACCOUNTING_SUMMARY_JML_HPIF_SSB,SECURITY_DEAL_ACCOUNTING_SUMMARY_JML_KEY_HPIF_SSB,SECURITY_DEAL_ACCOUNTING_SUMMARY_JML_KEY,RECORDS_INSERTED,DML,859
867,ENTRPT_SILVER,DEAL_JML,DEAL_JML,DEAL_JML,RECORDS_RECEIVED,COUNT,
868,ENTRPT_SILVER,DEAL_JML,DEAL_JML,DEAL_JML,MARKED_FOR_INSERT,CDC,867
869,ENTRPT_SILVER,DEAL_JML,DEAL_JML,DEAL_JML,MARKED_FOR_UPDATE,CDC,867
870,ENTRPT_SILVER,DEAL_JML,DEAL_JML,DEAL_JML,MARKED_FOR_DELETE,CDC,
871,ENTRPT_SILVER,DEAL_JML,DEAL_JML,DEAL_JML,MARKED_FOR_SKIP,CDC,867
872,ENTRPT_SILVER,DEAL_JML,DEAL_JML,DEAL_JML,RECORDS_INSERTED,DML,868
873,ENTRPT_SILVER,DEAL_JML,DEAL_JML,DEAL_JML,RECORDS_UPDATED,DML,869
874,ENTRPT_SILVER,DEAL_JML,DEAL_JML,DEAL_JML,RECORDS_DELETED,DML,870
875,ENTRPT_SILVER,DEAL_JML,DEAL_JML_KEY,DEAL_JML_KEY,RECORDS_INSERTED,DML,868
876,ENTRPT_SILVER,DEAL_HPIF,DEAL_HPIF,DEAL,RECORDS_RECEIVED,COUNT,
877,ENTRPT_SILVER,DEAL_HPIF,DEAL_HPIF,DEAL,MARKED_FOR_INSERT,CDC,876
878,ENTRPT_SILVER,DEAL_HPIF,DEAL_HPIF,DEAL,MARKED_FOR_UPDATE,CDC,876
879,ENTRPT_SILVER,DEAL_HPIF,DEAL_HPIF,DEAL,MARKED_FOR_DELETE,CDC,
880,ENTRPT_SILVER,DEAL_HPIF,DEAL_HPIF,DEAL,MARKED_FOR_SKIP,CDC,876
881,ENTRPT_SILVER,DEAL_HPIF,DEAL_HPIF,DEAL,RECORDS_INSERTED,DML,877
882,ENTRPT_SILVER,DEAL_HPIF,DEAL_HPIF,DEAL,RECORDS_UPDATED,DML,878
883,ENTRPT_SILVER,DEAL_HPIF,DEAL_HPIF,DEAL,RECORDS_DELETED,DML,879
884,ENTRPT_SILVER,DEAL_KEY_HPIF,DEAL_KEY_HPIF,DEAL_KEY,RECORDS_INSERTED,DML,877
885,ENTRPT_SILVER,SECURITY_PARTNERSHIP_HPIF,SECURITY_PARTNERSHIP_HPIF,SECURITY,RECORDS_RECEIVED,COUNT,
886,ENTRPT_SILVER,SECURITY_PARTNERSHIP_HPIF,SECURITY_PARTNERSHIP_HPIF,SECURITY,MARKED_FOR_INSERT,CDC,885
887,ENTRPT_SILVER,SECURITY_PARTNERSHIP_HPIF,SECURITY_PARTNERSHIP_HPIF,SECURITY,MARKED_FOR_UPDATE,CDC,885
888,ENTRPT_SILVER,SECURITY_PARTNERSHIP_HPIF,SECURITY_PARTNERSHIP_HPIF,SECURITY,MARKED_FOR_DELETE,CDC,
889,ENTRPT_SILVER,SECURITY_PARTNERSHIP_HPIF,SECURITY_PARTNERSHIP_HPIF,SECURITY,MARKED_FOR_SKIP,CDC,885
890,ENTRPT_SILVER,SECURITY_PARTNERSHIP_HPIF,SECURITY_PARTNERSHIP_HPIF,SECURITY,RECORDS_INSERTED,DML,886
891,ENTRPT_SILVER,SECURITY_PARTNERSHIP_HPIF,SECURITY_PARTNERSHIP_HPIF,SECURITY,RECORDS_UPDATED,DML,887
892,ENTRPT_SILVER,SECURITY_PARTNERSHIP_HPIF,SECURITY_PARTNERSHIP_HPIF,SECURITY,RECORDS_DELETED,DML,888
893,ENTRPT_SILVER,SECURITY_KEY_PARTNERSHIP_HPIF,SECURITY_KEY_PARTNERSHIP_HPIF,SECURITY_KEY,RECORDS_INSERTED,DML,886
894,ENTRPT_SILVER,SECURITY_COMPANY_HPIF,SECURITY_COMPANY_HPIF,SECURITY,RECORDS_RECEIVED,COUNT,
895,ENTRPT_SILVER,SECURITY_COMPANY_HPIF,SECURITY_COMPANY_HPIF,SECURITY,MARKED_FOR_INSERT,CDC,894
896,ENTRPT_SILVER,SECURITY_COMPANY_HPIF,SECURITY_COMPANY_HPIF,SECURITY,MARKED_FOR_UPDATE,CDC,894
897,ENTRPT_SILVER,SECURITY_COMPANY_HPIF,SECURITY_COMPANY_HPIF,SECURITY,MARKED_FOR_DELETE,CDC,
898,ENTRPT_SILVER,SECURITY_COMPANY_HPIF,SECURITY_COMPANY_HPIF,SECURITY,MARKED_FOR_SKIP,CDC,894
899,ENTRPT_SILVER,SECURITY_COMPANY_HPIF,SECURITY_COMPANY_HPIF,SECURITY,RECORDS_INSERTED,DML,895
900,ENTRPT_SILVER,SECURITY_COMPANY_HPIF,SECURITY_COMPANY_HPIF,SECURITY,RECORDS_UPDATED,DML,896
901,ENTRPT_SILVER,SECURITY_COMPANY_HPIF,SECURITY_COMPANY_HPIF,SECURITY,RECORDS_DELETED,DML,897
902,ENTRPT_SILVER,SECURITY_KEY_COMPANY_HPIF,SECURITY_KEY_COMPANY_HPIF,SECURITY_KEY,RECORDS_INSERTED,DML,895
903,ENTRPT_SILVER,SECURITY_PERFORMANCE_HPIF,SECURITY_PERFORMANCE_HPIF,SECURITY_PERFORMANCE,RECORDS_RECEIVED,COUNT,
904,ENTRPT_SILVER,SECURITY_PERFORMANCE_HPIF,SECURITY_PERFORMANCE_HPIF,SECURITY_PERFORMANCE,MARKED_FOR_INSERT,CDC,903
905,ENTRPT_SILVER,SECURITY_PERFORMANCE_HPIF,SECURITY_PERFORMANCE_HPIF,SECURITY_PERFORMANCE,MARKED_FOR_UPDATE,CDC,903
906,ENTRPT_SILVER,SECURITY_PERFORMANCE_HPIF,SECURITY_PERFORMANCE_HPIF,SECURITY_PERFORMANCE,MARKED_FOR_DELETE,CDC,
907,ENTRPT_SILVER,SECURITY_PERFORMANCE_HPIF,SECURITY_PERFORMANCE_HPIF,SECURITY_PERFORMANCE,MARKED_FOR_SKIP,CDC,903
908,ENTRPT_SILVER,SECURITY_PERFORMANCE_HPIF,SECURITY_PERFORMANCE_HPIF,SECURITY_PERFORMANCE,RECORDS_INSERTED,DML,904
909,ENTRPT_SILVER,SECURITY_PERFORMANCE_HPIF,SECURITY_PERFORMANCE_HPIF,SECURITY_PERFORMANCE,RECORDS_UPDATED,DML,905
910,ENTRPT_SILVER,SECURITY_PERFORMANCE_HPIF,SECURITY_PERFORMANCE_HPIF,SECURITY_PERFORMANCE,RECORDS_DELETED,DML,906
911,ENTRPT_SILVER,SECURITY_PERFORMANCE_KEY_HPIF,SECURITY_PERFORMANCE_KEY_HPIF,SECURITY_PERFORMANCE_KEY,RECORDS_INSERTED,DML,904
912,ENTRPT_SILVER,PARTNERSHIP_COMPANY_XREF_HPIF,PARTNERSHIP_COMPANY_XREF_HPIF,PARTNERSHIP_COMPANY_XREF,RECORDS_RECEIVED,COUNT,
913,ENTRPT_SILVER,PARTNERSHIP_COMPANY_XREF_HPIF,PARTNERSHIP_COMPANY_XREF_HPIF,PARTNERSHIP_COMPANY_XREF,MARKED_FOR_INSERT,CDC,912
914,ENTRPT_SILVER,PARTNERSHIP_COMPANY_XREF_HPIF,PARTNERSHIP_COMPANY_XREF_HPIF,PARTNERSHIP_COMPANY_XREF,MARKED_FOR_UPDATE,CDC,912
915,ENTRPT_SILVER,PARTNERSHIP_COMPANY_XREF_HPIF,PARTNERSHIP_COMPANY_XREF_HPIF,PARTNERSHIP_COMPANY_XREF,MARKED_FOR_DELETE,CDC,
916,ENTRPT_SILVER,PARTNERSHIP_COMPANY_XREF_HPIF,PARTNERSHIP_COMPANY_XREF_HPIF,PARTNERSHIP_COMPANY_XREF,MARKED_FOR_SKIP,CDC,912
917,ENTRPT_SILVER,PARTNERSHIP_COMPANY_XREF_HPIF,PARTNERSHIP_COMPANY_XREF_HPIF,PARTNERSHIP_COMPANY_XREF,RECORDS_INSERTED,DML,913
918,ENTRPT_SILVER,PARTNERSHIP_COMPANY_XREF_HPIF,PARTNERSHIP_COMPANY_XREF_HPIF,PARTNERSHIP_COMPANY_XREF,RECORDS_UPDATED,DML,914
919,ENTRPT_SILVER,PARTNERSHIP_COMPANY_XREF_HPIF,PARTNERSHIP_COMPANY_XREF_HPIF,PARTNERSHIP_COMPANY_XREF,RECORDS_DELETED,DML,915
920,ENTRPT_SILVER,PARTNERSHIP_COMPANY_XREF_KEY_HPIF,PARTNERSHIP_COMPANY_XREF_KEY_HPIF,PARTNERSHIP_COMPANY_XREF_KEY,RECORDS_INSERTED,DML,913
921,ENTRPT_SILVER,PARTNERSHIP_HPIF,PARTNERSHIP_HPIF,PARTNERSHIP,RECORDS_RECEIVED,COUNT,
922,ENTRPT_SILVER,PARTNERSHIP_HPIF,PARTNERSHIP_HPIF,PARTNERSHIP,MARKED_FOR_INSERT,CDC,921
923,ENTRPT_SILVER,PARTNERSHIP_HPIF,PARTNERSHIP_HPIF,PARTNERSHIP,MARKED_FOR_UPDATE,CDC,921
924,ENTRPT_SILVER,PARTNERSHIP_HPIF,PARTNERSHIP_HPIF,PARTNERSHIP,MARKED_FOR_DELETE,CDC,
925,ENTRPT_SILVER,PARTNERSHIP_HPIF,PARTNERSHIP_HPIF,PARTNERSHIP,MARKED_FOR_SKIP,CDC,921
926,ENTRPT_SILVER,PARTNERSHIP_HPIF,PARTNERSHIP_HPIF,PARTNERSHIP,RECORDS_INSERTED,DML,922
927,ENTRPT_SILVER,PARTNERSHIP_HPIF,PARTNERSHIP_HPIF,PARTNERSHIP,RECORDS_UPDATED,DML,923
928,ENTRPT_SILVER,PARTNERSHIP_HPIF,PARTNERSHIP_HPIF,PARTNERSHIP,RECORDS_DELETED,DML,924
929,ENTRPT_SILVER,PARTNERSHIP_HPIF,PARTNERSHIP_KEY_HPIF,PARTNERSHIP_KEY,RECORDS_INSERTED,DML,922
930,ENTRPT_GOLD,PARTNERSHIP_MTL,PARTNERSHIP_MTL,PARTNERSHIP_MTL,RECORDS_EXPECTED,COUNT,
931,ENTRPT_GOLD,PARTNERSHIP_MTL,PARTNERSHIP_MTL,PARTNERSHIP_MTL,RECORDS_FOUND,COUNT,930
932,ENTRPT_GOLD,PARTNERSHIP_MTL,PARTNERSHIP_MTL,PARTNERSHIP_MTL,RECORDS_INSERTED,COUNT,931
933,ENTRPT_GOLD,PARTNERSHIP_COMPANY_XREF_MTL,PARTNERSHIP_COMPANY_XREF_MTL,PARTNERSHIP_COMPANY_XREF_MTL,RECORDS_EXPECTED,COUNT,
934,ENTRPT_GOLD,PARTNERSHIP_COMPANY_XREF_MTL,PARTNERSHIP_COMPANY_XREF_MTL,PARTNERSHIP_COMPANY_XREF_MTL,RECORDS_FOUND,COUNT,933
935,ENTRPT_GOLD,PARTNERSHIP_COMPANY_XREF_MTL,PARTNERSHIP_COMPANY_XREF_MTL,PARTNERSHIP_COMPANY_XREF_MTL,RECORDS_INSERTED,COUNT,934
936,ENTRPT_SILVER,SECURITY_DEAL_PERFORMANCE_HGPS_BNY_JML,SECURITY_DEAL_PERFORMANCE_HGPS_BNY_JML,SECURITY_DEAL_PERFORMANCE_JML,RECORDS_RECEIVED,COUNT,
937,ENTRPT_SILVER,SECURITY_DEAL_PERFORMANCE_HGPS_BNY_JML,SECURITY_DEAL_PERFORMANCE_HGPS_BNY_JML,SECURITY_DEAL_PERFORMANCE_JML,MARKED_FOR_INSERT,CDC,936
938,ENTRPT_SILVER,SECURITY_DEAL_PERFORMANCE_HGPS_BNY_JML,SECURITY_DEAL_PERFORMANCE_HGPS_BNY_JML,SECURITY_DEAL_PERFORMANCE_JML,MARKED_FOR_UPDATE,CDC,936
939,ENTRPT_SILVER,SECURITY_DEAL_PERFORMANCE_HGPS_BNY_JML,SECURITY_DEAL_PERFORMANCE_HGPS_BNY_JML,SECURITY_DEAL_PERFORMANCE_JML,MARKED_FOR_DELETE,CDC,
940,ENTRPT_SILVER,SECURITY_DEAL_PERFORMANCE_HGPS_BNY_JML,SECURITY_DEAL_PERFORMANCE_HGPS_BNY_JML,SECURITY_DEAL_PERFORMANCE_JML,MARKED_FOR_SKIP,CDC,936
941,ENTRPT_SILVER,SECURITY_DEAL_PERFORMANCE_HGPS_BNY_JML,SECURITY_DEAL_PERFORMANCE_HGPS_BNY_JML,SECURITY_DEAL_PERFORMANCE_JML,RECORDS_INSERTED,DML,937
942,ENTRPT_SILVER,SECURITY_DEAL_PERFORMANCE_HGPS_BNY_JML,SECURITY_DEAL_PERFORMANCE_HGPS_BNY_JML,SECURITY_DEAL_PERFORMANCE_JML,RECORDS_UPDATED,DML,938
943,ENTRPT_SILVER,SECURITY_DEAL_PERFORMANCE_HGPS_BNY_JML,SECURITY_DEAL_PERFORMANCE_HGPS_BNY_JML,SECURITY_DEAL_PERFORMANCE_JML,RECORDS_DELETED,DML,939
944,ENTRPT_SILVER,SECURITY_DEAL_PERFORMANCE_HGPS_BNY_JML,SECURITY_DEAL_PERFORMANCE_JML_KEY_HGPS_BNY,SECURITY_DEAL_PERFORMANCE_JML_KEY,RECORDS_INSERTED,DML,937
945,ENTRPT_SILVER,SECURITY_DEAL_CASHFLOW_HGPS_BNY,SECURITY_DEAL_CASHFLOW_HGPS_BNY,SECURITY_DEAL_CASHFLOW,RECORDS_RECEIVED,COUNT,
946,ENTRPT_SILVER,SECURITY_DEAL_CASHFLOW_HGPS_BNY,SECURITY_DEAL_CASHFLOW_HGPS_BNY,SECURITY_DEAL_CASHFLOW,MARKED_FOR_INSERT,CDC,945
947,ENTRPT_SILVER,SECURITY_DEAL_CASHFLOW_HGPS_BNY,SECURITY_DEAL_CASHFLOW_HGPS_BNY,SECURITY_DEAL_CASHFLOW,MARKED_FOR_UPDATE,CDC,945
948,ENTRPT_SILVER,SECURITY_DEAL_CASHFLOW_HGPS_BNY,SECURITY_DEAL_CASHFLOW_HGPS_BNY,SECURITY_DEAL_CASHFLOW,MARKED_FOR_DELETE,CDC,
949,ENTRPT_SILVER,SECURITY_DEAL_CASHFLOW_HGPS_BNY,SECURITY_DEAL_CASHFLOW_HGPS_BNY,SECURITY_DEAL_CASHFLOW,MARKED_FOR_SKIP,CDC,945
950,ENTRPT_SILVER,SECURITY_DEAL_CASHFLOW_HGPS_BNY,SECURITY_DEAL_CASHFLOW_HGPS_BNY,SECURITY_DEAL_CASHFLOW,RECORDS_INSERTED,DML,946
951,ENTRPT_SILVER,SECURITY_DEAL_CASHFLOW_HGPS_BNY,SECURITY_DEAL_CASHFLOW_HGPS_BNY,SECURITY_DEAL_CASHFLOW,RECORDS_UPDATED,DML,947
952,ENTRPT_SILVER,SECURITY_DEAL_CASHFLOW_HGPS_BNY,SECURITY_DEAL_CASHFLOW_HGPS_BNY,SECURITY_DEAL_CASHFLOW,RECORDS_DELETED,DML,948
953,ENTRPT_SILVER,SECURITY_DEAL_CASHFLOW_HGPS_BNY,SECURITY_DEAL_CASHFLOW_KEY_HGPS_BNY,SECURITY_DEAL_CASHFLOW_KEY,RECORDS_INSERTED,DML,946
954,ENTRPT_GOLD,IRR_PERFORMANCE_MTL,IRR_PERFORMANCE_MTL,IRR_PERFORMANCE_MTL,RECORDS_EXPECTED,COUNT,
955,ENTRPT_GOLD,IRR_PERFORMANCE_MTL,IRR_PERFORMANCE_MTL,IRR_PERFORMANCE_MTL,RECORDS_FOUND,COUNT,954
956,ENTRPT_GOLD,IRR_PERFORMANCE_MTL,IRR_PERFORMANCE_MTL,IRR_PERFORMANCE_MTL,RECORDS_INSERTED,COUNT,955
957,ENTRPT_SILVER,DEAL_HCAT,DEAL_HCAT,DEAL_HCAT,RECORDS_RECEIVED,COUNT,
958,ENTRPT_SILVER,DEAL_HCAT,DEAL_HCAT,DEAL_HCAT,MARKED_FOR_INSERT,CDC,957
959,ENTRPT_SILVER,DEAL_HCAT,DEAL_HCAT,DEAL_HCAT,MARKED_FOR_UPDATE,CDC,957
960,ENTRPT_SILVER,DEAL_HCAT,DEAL_HCAT,DEAL_HCAT,MARKED_FOR_DELETE,CDC,
961,ENTRPT_SILVER,DEAL_HCAT,DEAL_HCAT,DEAL_HCAT,MARKED_FOR_SKIP,CDC,957
962,ENTRPT_SILVER,DEAL_HCAT,DEAL_HCAT,DEAL_HCAT,RECORDS_INSERTED,DML,958
963,ENTRPT_SILVER,DEAL_HCAT,DEAL_HCAT,DEAL_HCAT,RECORDS_UPDATED,DML,959
964,ENTRPT_SILVER,DEAL_HCAT,DEAL_HCAT,DEAL_HCAT,RECORDS_DELETED,DML,960
965,ENTRPT_SILVER,DEAL_HCAT,DEAL_KEY_HCAT,DEAL_KEY_HCAT,RECORDS_INSERTED,DML,958
966,ENTRPT_SILVER,ENTITLEMENTS_CONTACT_ROLE,CONTACT_ROLE,CONTACT_ROLE,RECORDS_RECEIVED,COUNT,
967,ENTRPT_SILVER,ENTITLEMENTS_CONTACT_ROLE,CONTACT_ROLE,CONTACT_ROLE,MARKED_FOR_INSERT,CDC,966
968,ENTRPT_SILVER,ENTITLEMENTS_CONTACT_ROLE,CONTACT_ROLE,CONTACT_ROLE,MARKED_FOR_UPDATE,CDC,966
969,ENTRPT_SILVER,ENTITLEMENTS_CONTACT_ROLE,CONTACT_ROLE,CONTACT_ROLE,MARKED_FOR_DELETE,CDC,
970,ENTRPT_SILVER,ENTITLEMENTS_CONTACT_ROLE,CONTACT_ROLE,CONTACT_ROLE,MARKED_FOR_SKIP,CDC,966
971,ENTRPT_SILVER,ENTITLEMENTS_CONTACT_ROLE,CONTACT_ROLE,CONTACT_ROLE,RECORDS_INSERTED,DML,967
972,ENTRPT_SILVER,ENTITLEMENTS_CONTACT_ROLE,CONTACT_ROLE,CONTACT_ROLE,RECORDS_UPDATED,DML,968
973,ENTRPT_SILVER,ENTITLEMENTS_CONTACT_ROLE,CONTACT_ROLE,CONTACT_ROLE,RECORDS_DELETED,DML,969
974,ENTRPT_SILVER,ENTITLEMENTS_CONTACT_ROLE,CONTACT_ROLE_KEY,CONTACT_ROLE_KEY,RECORDS_INSERTED,DML,967
975,ENTRPT_GOLD,CONTACT_ROLE_MTL,CONTACT_ROLE_MTL,CONTACT_ROLE_MTL,RECORDS_EXPECTED,COUNT,
976,ENTRPT_GOLD,CONTACT_ROLE_MTL,CONTACT_ROLE_MTL,CONTACT_ROLE_MTL,RECORDS_FOUND,COUNT,975
977,ENTRPT_GOLD,CONTACT_ROLE_MTL,CONTACT_ROLE_MTL,CONTACT_ROLE_MTL,RECORDS_INSERTED,COUNT,976
978,ENTRPT_BRONZE,HPIF_NAVPACK_STT,HPIF_NAVPACK_STT,HPIF_NAVPACK_STT,RECORDS_DELETED,COUNT,
979,ENTRPT_BRONZE,HPIF_NAVPACK_STT,HPIF_NAVPACK_STT,HPIF_NAVPACK_STT,RECORDS_INSERTED,COUNT,
980,ENTRPT_BRONZE,HPIF_NAVPACK_STT,HPIF_NAVPACK_STT,HPIF_NAVPACK_STT,RECORDS_UPDATED,COUNT,
981,ENTRPT_BRONZE,HPIF_NAVPACK_DATA_LOAD,NAVPACK_VAL_EXCEL_PARSER,NAVPACK_VAL_EXCEL_PARSER,FILES_RECEIVED,COUNT,
982,ENTRPT_BRONZE,HPIF_NAVPACK_DATA_LOAD,NAVPACK_VAL_EXCEL_PARSER,NAVPACK_VAL_EXCEL_PARSER,FILES_SUCCESS,COUNT,981
983,ENTRPT_BRONZE,HPIF_NAVPACK_DATA_LOAD,NAVPACK_VAL_EXCEL_PARSER,NAVPACK_VAL_EXCEL_PARSER,FILES_FAILED,COUNT,981
984,ENTRPT_BRONZE,HPIF_NAVPACK_DATA_LOAD,NAVPACK_VAL_EXCEL_PARSER,NAVPACK_VAL_EXCEL_PARSER,RECORDS_PARSED,COUNT,
